CustomerID,LastName,FirstName,RentalMonth,RentalCount,TotalAmount
148,HUNT,ELEANOR,7,22,101
102,FORD,CRYSTAL,7,21,85
236,DEAN,MARCIA,7,20,74
75,SANDERS,TAMMY,7,20,71
595,GUNDERSON,TERRENCE,7,19,87
354,NGO,JUSTIN,7,19,68
91,BUTLER,LOIS,7,19,60
137,KENNEDY,RHONDA,7,19,97
526,SEAL,KARL,7,19,87
64,COX,JUDITH,7,19,60
366,HUEY,BRANDON,7,19,83
30,KING,MELISSA,7,19,74
144,SHAW,CLARA,7,18,94
257,DOUGLAS,MARSHA,7,18,89
459,COLLAZO,TOMMY,7,18,90
210,OLIVER,ELLA,7,18,74
295,BATES,DAISY,7,18,88
314,LINTON,GEORGE,7,18,68
38,GONZALEZ,MARTHA,7,18,66
148,HUNT,ELEANOR,8,18,88
494,CHOATE,RAMON,7,18,81
15,HARRIS,HELEN,8,18,80
485,TOBIAS,CLYDE,7,18,64
566,MENA,CASEY,7,18,72
569,GARDINER,DAVE,8,18,76
71,JAMES,KATHY,7,18,71
406,RUNYON,NATHAN,7,18,69
119,MARSHALL,SHERRY,8,18,78
178,SNYDER,MARION,7,18,86
469,BULL,WESLEY,7,18,81
522,HAVENS,ARNOLD,7,18,97
418,EAST,JEFF,8,17,53
141,REYES,DEBBIE,8,17,65
157,ROSE,DARLENE,7,17,53
332,QUALLS,STEPHEN,7,17,79
446,CULP,THEODORE,7,17,72
347,SALISBURY,RYAN,7,17,66
286,LUCAS,VELMA,7,17,77
168,BERRY,REGINA,7,17,71
266,HERRERA,NORA,8,17,72
410,IRBY,CURTIS,8,17,87
441,CHEATHAM,MARIO,7,17,67
21,CLARK,MICHELLE,8,17,80
425,SIKES,FRANCIS,7,17,68
209,CHAPMAN,TONYA,7,17,83
342,MARTINO,HAROLD,8,17,70
225,HARVEY,ARLENE,7,17,81
50,COLLINS,DIANE,7,17,81
360,MADRIGAL,RALPH,7,17,70
89,FLORES,JULIA,7,17,69
283,SUTTON,FELICIA,7,17,51
470,ALLARD,GORDON,7,17,97
598,DELVALLE,WADE,7,16,65
292,LAMBERT,MISTY,7,16,75
245,DAY,COURTNEY,7,16,73
46,CAMPBELL,CATHERINE,8,16,66
197,PETERS,SUE,8,16,66
451,REA,JIM,8,16,61
211,MONTGOMERY,STACEY,7,16,63
563,PREWITT,KEN,7,16,61
372,MACKENZIE,STEVE,7,16,78
150,DANIELS,DANIELLE,8,16,69
72,WATSON,THERESA,8,16,47
29,HERNANDEZ,ANGELA,8,16,69
125,WEBB,ETHEL,7,16,66
198,KELLEY,ELSIE,8,16,71
274,JENNINGS,NAOMI,8,16,70
144,SHAW,CLARA,8,16,73
275,BARNETT,CAROLE,8,16,60
373,LEONE,LOUIS,7,16,69
309,GRECO,CHRISTOPHER,7,16,77
348,QUINTANILLA,ROGER,7,16,71
265,TERRY,JENNIE,7,16,71
35,GREEN,VIRGINIA,7,16,69
424,SPURLOCK,KYLE,7,16,59
181,BRADLEY,ANA,8,16,72
553,PITT,MAX,7,16,69
42,PEREZ,CAROLYN,7,16,62
442,BUSTAMANTE,LEROY,7,16,61
128,TUCKER,MARJORIE,7,16,66
462,SHERROD,WARREN,7,16,75
5,BROWN,ELIZABETH,7,16,60
51,STEWART,ALICE,8,16,62
363,WHITING,ROY,7,15,70
32,LOPEZ,AMY,7,15,59
479,HITE,ZACHARY,7,15,80
323,MAHAN,MATTHEW,7,15,59
558,EGGLESTON,JIMMIE,7,15,71
235,LYNCH,JACKIE,7,15,63
507,RHOADS,EDGAR,7,15,50
114,ELLIS,GRACE,7,15,62
580,GREY,ROSS,7,15,50
230,GEORGE,JOY,7,15,59
129,PORTER,CARRIE,7,15,56
167,PIERCE,SALLY,7,15,49
160,DUNN,ERIN,8,15,67
373,LEONE,LOUIS,8,15,77
259,JENSEN,LENA,8,15,74
219,HOWELL,WILLIE,7,15,65
147,ROBERTSON,JOANNE,8,15,77
207,CASTILLO,GERTRUDE,7,15,59
502,CORNWELL,BRETT,7,15,74
362,BARFIELD,NICHOLAS,7,15,62
574,VEST,JULIAN,7,15,65
103,HAMILTON,GLADYS,7,15,69
498,SANBORN,GENE,7,15,52
228,STANLEY,ALLISON,7,15,55
39,NELSON,DEBRA,7,15,74
475,CHESTNUT,PEDRO,7,15,72
376,GAITHER,RANDY,7,15,70
241,LARSON,HEIDI,7,15,54
198,KELLEY,ELSIE,7,15,53
57,MORGAN,EVELYN,7,15,50
145,HOLMES,LUCILLE,7,15,56
503,BARCLAY,ANGEL,8,15,49
535,ELROD,JAVIER,8,15,64
92,SIMMONS,TINA,7,15,79
335,MAULDIN,GREGORY,7,15,56
237,GILBERT,TANYA,7,15,65
282,CASTRO,JENNY,7,15,65
592,ROUSH,TERRANCE,7,15,62
348,QUINTANILLA,ROGER,8,15,61
439,FENNELL,ALEXANDER,8,15,68
138,WARREN,HAZEL,7,15,48
409,MOELLER,RODNEY,7,15,59
273,LOWE,PRISCILLA,7,15,68
484,VU,ROBERTO,7,15,78
302,SILVERMAN,MICHAEL,7,15,68
137,KENNEDY,RHONDA,8,15,75
573,BOX,BYRON,7,15,71
591,ARSENAULT,KENT,7,15,76
99,DIAZ,EMILY,7,15,57
41,MITCHELL,STEPHANIE,7,15,71
115,HARRISON,WENDY,7,15,51
576,MCCARTER,MORRIS,7,15,64
346,SIMPKINS,ARTHUR,7,15,84
122,MURRAY,THELMA,7,15,62
403,WAY,MIKE,8,15,65
469,BULL,WESLEY,8,15,67
172,WILLIS,BERNICE,7,14,71
186,FOX,HOLLY,8,14,56
204,SCHMIDT,ROSEMARY,7,14,49
135,MASON,JUANITA,7,14,58
78,WOOD,LORI,8,14,71
242,FRAZIER,GLENDA,8,14,60
154,GRANT,MICHELE,7,14,56
526,SEAL,KARL,8,14,80
290,CHAMBERS,KRISTINA,7,14,52
579,LARUE,DARYL,7,14,66
381,BOUDREAU,BOBBY,7,14,38
508,HOWLAND,MILTON,7,14,75
588,OCAMPO,MARION,7,14,53
390,HEATON,SHAWN,7,14,57
590,HANNON,SETH,7,14,57
54,ROGERS,TERESA,8,14,65
581,WOFFORD,VIRGIL,7,14,58
138,WARREN,HAZEL,8,14,49
468,CARY,TIM,7,14,59
173,RAY,AUDREY,7,14,58
560,ARCHULETA,JORDAN,7,14,60
306,KOWALSKI,CHARLES,7,14,54
531,WAUGH,JAMIE,7,14,65
532,RENNER,NEIL,7,14,70
279,SHELTON,DIANNE,8,14,67
468,CARY,TIM,8,14,72
132,CRAWFORD,ESTHER,7,14,45
594,HIATT,EDUARDO,7,14,66
306,KOWALSKI,CHARLES,8,14,66
445,FORMAN,MICHEAL,8,14,67
520,WESTMORELAND,MITCHELL,7,14,61
300,FARNSWORTH,JOHN,7,14,60
179,HART,DANA,7,14,69
487,POINDEXTER,HECTOR,7,14,47
340,NEWSOM,PATRICK,8,14,53
436,QUIGLEY,TROY,8,14,64
473,OLIVARES,JORGE,8,14,51
78,WOOD,LORI,7,14,53
513,TUBBS,DUANE,8,14,70
532,RENNER,NEIL,8,14,70
570,CROMWELL,IVAN,7,14,45
107,WOODS,FLORENCE,7,14,62
438,LOVELACE,BARRY,7,14,55
404,SCROGGINS,STANLEY,7,14,60
214,JOHNSTON,KRISTIN,8,14,54
490,MCDUFFIE,SAM,7,14,65
366,HUEY,BRANDON,8,14,55
244,HANSON,VIOLA,7,14,55
461,BLAKELY,DEREK,8,14,53
433,BONE,DON,7,14,66
410,IRBY,CURTIS,7,14,55
497,SLEDGE,GILBERT,7,14,68
444,HIDALGO,MARCUS,8,14,52
80,ROSS,MARILYN,8,14,57
380,BRINSON,RUSSELL,7,14,59
232,REID,CONSTANCE,7,14,58
520,WESTMORELAND,MITCHELL,8,14,54
121,GOMEZ,JOSEPHINE,8,14,68
63,RICHARDSON,ASHLEY,7,14,65
257,DOUGLAS,MARSHA,8,14,48
211,MONTGOMERY,STACEY,8,14,63
538,BREAUX,TED,7,14,52
2,JOHNSON,PATRICIA,7,14,76
28,YOUNG,CYNTHIA,7,14,52
196,AUSTIN,ALMA,7,14,64
513,TUBBS,DUANE,7,13,61
146,RICE,JAMIE,8,13,64
206,VASQUEZ,TERRI,7,13,61
381,BOUDREAU,BOBBY,8,13,45
518,HARDER,GABRIEL,7,13,56
79,BARNES,RACHEL,7,13,54
86,LONG,JACQUELINE,8,13,57
596,FORSYTHE,ENRIQUE,8,13,47
49,EDWARDS,JOYCE,7,13,70
233,KIM,LILLIE,7,13,56
23,LEWIS,SARAH,7,13,61
100,HAYES,ROBIN,7,13,70
397,SCHRADER,JIMMY,8,13,46
133,HENRY,PAULINE,7,13,48
452,MILNER,TOM,7,13,46
307,JOY,JOSEPH,7,13,63
158,STONE,VERONICA,8,13,48
422,ELLINGTON,MELVIN,8,13,57
243,BURKE,LYDIA,7,13,46
234,FULLER,CLAUDIA,8,13,54
120,ORTIZ,SYLVIA,7,13,49
172,WILLIS,BERNICE,8,13,59
254,SILVA,MAXINE,7,13,56
584,TEEL,SALVADOR,8,13,59
386,TAN,TODD,7,13,55
339,PERRYMAN,WALTER,7,13,53
108,COLE,TRACY,7,13,52
90,WASHINGTON,RUBY,8,13,50
297,RHODES,SHERRI,7,13,49
467,DELOACH,ALVIN,7,13,67
308,GRIGSBY,THOMAS,8,13,54
202,GUTIERREZ,CARLA,7,13,53
519,DELUCA,RON,7,13,52
229,NGUYEN,TAMARA,7,13,50
168,BERRY,REGINA,8,13,53
499,OUTLAW,MARC,8,13,62
356,FULTZ,GERALD,7,13,51
541,WINDHAM,DARREN,8,13,52
397,SCHRADER,JIMMY,7,13,51
273,LOWE,PRISCILLA,8,13,63
550,BROWNLEE,GUY,8,13,64
417,ESTEP,TRAVIS,8,13,49
512,VINES,CECIL,8,13,63
129,PORTER,CARRIE,8,13,49
285,MCKINNEY,MIRIAM,7,13,69
3,WILLIAMS,LINDA,7,13,69
327,THRASHER,LARRY,8,13,59
263,HOPKINS,HILDA,7,13,44
351,FOUST,JACK,7,13,51
393,CAUSEY,PHILIP,7,13,61
533,MILAM,JESSIE,7,13,59
473,OLIVARES,JORGE,7,13,58
66,WARD,JANICE,8,13,49
36,ADAMS,KATHLEEN,7,13,41
529,GUILLEN,ERIK,7,13,54
26,HALL,JESSICA,7,13,47
126,SIMPSON,ELLEN,7,13,49
407,RATCLIFF,DALE,8,13,51
131,HICKS,MONICA,8,13,48
112,REYNOLDS,ROSA,8,13,63
372,MACKENZIE,STEVE,8,13,63
158,STONE,VERONICA,7,13,46
208,WHEELER,LUCY,7,13,47
13,JACKSON,KAREN,7,13,62
329,WAGGONER,FRANK,7,13,53
423,CASILLAS,ALFRED,7,13,59
416,PINSON,JEFFERY,8,13,64
380,BRINSON,RUSSELL,8,13,46
12,THOMAS,NANCY,7,13,40
297,RHODES,SHERRI,8,13,51
585,SWAFFORD,PERRY,7,13,71
361,LAWTON,LAWRENCE,8,13,43
294,WATTS,SHELLY,8,13,58
66,WARD,JANICE,7,13,61
5,BROWN,ELIZABETH,8,13,54
333,PURDY,ANDREW,7,13,52
368,ARCE,HARRY,8,13,57
334,MCWHORTER,RAYMOND,8,13,54
147,ROBERTSON,JOANNE,7,13,32
419,CARBONE,CHAD,7,13,40
506,SEWARD,LESLIE,8,13,49
565,NETTLES,JAIME,8,13,67
20,ROBINSON,SHARON,8,13,46
481,DEVORE,HERMAN,7,13,58
356,FULTZ,GERALD,8,13,57
166,PAYNE,LYNN,7,13,57
84,PERRY,SARA,8,12,49
7,MILLER,MARIA,8,12,60
396,SHANKS,EARL,7,12,40
139,DIXON,AMBER,7,12,52
227,BURTON,COLLEEN,7,12,45
86,LONG,JACQUELINE,7,12,65
342,MARTINO,HAROLD,7,12,46
296,HALE,RAMONA,7,12,55
280,BARRETT,TRACEY,8,12,69
27,ALLEN,SHIRLEY,7,12,47
439,FENNELL,ALEXANDER,7,12,46
584,TEEL,SALVADOR,7,12,45
403,WAY,MIKE,7,12,62
56,COOK,GLORIA,8,12,59
459,COLLAZO,TOMMY,8,12,68
471,SAUER,DEAN,8,12,56
331,ROBERT,ERIC,7,12,64
278,HORTON,BILLIE,8,12,34
1,SMITH,MARY,7,12,51
201,FIELDS,VICKI,8,12,49
284,GREGORY,SONIA,7,12,61
268,SOTO,NINA,7,12,54
460,BOSTIC,LEON,8,12,55
239,ROMERO,MINNIE,7,12,49
81,HENDERSON,ANDREA,8,12,56
127,STEVENS,ELAINE,8,12,57
291,HOLT,TONI,7,12,53
51,STEWART,ALICE,7,12,59
262,DAVIDSON,PATSY,8,12,46
185,HARPER,ROBERTA,7,12,51
593,MCALISTER,RENE,7,12,45
176,CARROLL,JUNE,7,12,56
369,WHEAT,FRED,7,12,46
220,ALVAREZ,CHARLENE,7,12,60
43,ROBERTS,CHRISTINE,7,12,48
277,JIMENEZ,OLGA,8,12,62
319,WEINER,RONALD,7,12,53
336,MARK,JOSHUA,7,12,53
408,MURRELL,MANUEL,8,12,47
447,BOWENS,CLIFFORD,8,12,45
375,SELBY,AARON,8,12,52
482,CRAWLEY,MAURICE,8,12,52
537,BUFORD,CLINTON,7,12,41
597,DUGGAN,FREDDIE,8,12,48
25,WALKER,DEBORAH,7,12,40
182,LANE,RENEE,7,12,40
170,ARNOLD,BEATRICE,7,12,57
80,ROSS,MARILYN,7,12,62
421,HAWKS,LEE,7,12,58
221,MORRISON,BESSIE,7,12,59
322,MORRISSEY,JASON,7,12,46
436,QUIGLEY,TROY,7,12,53
165,STEPHENS,LORRAINE,7,12,50
101,MYERS,PEGGY,7,12,54
326,ANDREW,JOSE,7,12,47
316,CURLEY,STEVEN,7,12,56
176,CARROLL,JUNE,8,12,53
324,COY,GARY,7,12,51
199,FRANKLIN,BETH,7,12,53
330,SHELLEY,SCOTT,7,12,42
559,BANDA,EVERETT,8,12,56
14,WHITE,BETTY,7,12,51
188,ARMSTRONG,MELANIE,8,12,44
34,SCOTT,REBECCA,8,12,44
432,BURK,EDWIN,7,12,57
515,RAPP,ANDRE,8,12,54
244,HANSON,VIOLA,8,12,46
26,HALL,JESSICA,8,12,58
411,CURRIER,NORMAN,7,12,33
346,SIMPKINS,ARTHUR,8,12,50
390,HEATON,SHAWN,8,12,60
349,GILLILAND,JOE,7,12,46
289,RODRIQUEZ,VIOLET,7,12,50
181,BRADLEY,ANA,7,12,73
529,GUILLEN,ERIK,8,12,58
405,SCHOFIELD,LEONARD,8,12,44
190,WEAVER,YOLANDA,8,12,50
536,CHURCHILL,FERNANDO,7,12,52
256,HOLLAND,MABEL,8,12,54
161,PERKINS,GERALDINE,8,12,46
474,GILLETTE,DUSTIN,8,12,43
241,LARSON,HEIDI,8,12,45
93,FOSTER,PHYLLIS,8,12,49
502,CORNWELL,BRETT,8,12,47
6,DAVIS,JENNIFER,8,12,49
277,JIMENEZ,OLGA,7,12,47
8,WILSON,SUSAN,7,12,36
52,SANCHEZ,JULIE,7,12,49
499,OUTLAW,MARC,7,12,44
213,WILLIAMSON,GINA,7,12,52
357,RICO,KEITH,7,12,43
486,TALBERT,GLEN,7,12,59
45,PHILLIPS,JANET,8,12,69
368,ARCE,HARRY,7,12,52
276,GRAVES,BRANDY,8,12,49
379,COUGHLIN,CARLOS,8,12,48
289,RODRIQUEZ,VIOLET,8,12,55
408,MURRELL,MANUEL,7,12,46
220,ALVAREZ,CHARLENE,8,12,49
337,JORDON,JERRY,7,12,63
207,CASTILLO,GERTRUDE,8,12,57
575,OGLESBY,ISAAC,8,12,62
504,ADAM,NATHANIEL,8,12,51
554,OLVERA,DWAYNE,8,12,57
96,ALEXANDER,DIANA,7,12,50
440,COLBY,BERNARD,7,12,48
559,BANDA,EVERETT,7,12,42
178,SNYDER,MARION,8,12,59
37,BAKER,PAMELA,8,12,44
84,PERRY,SARA,7,12,65
260,VARGAS,CHRISTY,7,12,37
583,THORN,MARSHALL,7,12,69
254,SILVA,MAXINE,8,12,38
402,YANEZ,LUIS,7,12,53
97,RUSSELL,ANNIE,7,12,41
482,CRAWLEY,MAURICE,7,12,70
128,TUCKER,MARJORIE,8,12,44
577,MALCOLM,CLIFTON,8,12,45
270,CURTIS,LEAH,8,12,45
517,MCCURDY,BRAD,7,12,51
539,BOLIN,MATHEW,7,12,56
304,ROYAL,DAVID,7,12,53
371,POULIN,BILLY,7,12,47
564,PFEIFFER,BOB,8,12,42
240,WELCH,MARLENE,7,12,52
264,MAY,GWENDOLYN,7,12,52
131,HICKS,MONICA,7,12,50
74,KELLY,DENISE,8,12,36
462,SHERROD,WARREN,8,12,57
90,WASHINGTON,RUBY,7,12,52
317,BAUGH,EDWARD,7,12,51
82,COLEMAN,KATHRYN,7,11,65
87,PATTERSON,WANDA,8,11,50
407,RATCLIFF,DALE,7,11,50
31,WRIGHT,BRENDA,6,11,36
300,FARNSWORTH,JOHN,8,11,59
125,WEBB,ETHEL,8,11,46
163,SPENCER,CATHY,7,11,41
494,CHOATE,RAMON,8,11,52
404,SCROGGINS,STANLEY,8,11,58
487,POINDEXTER,HECTOR,8,11,69
267,WADE,MARGIE,7,11,46
470,ALLARD,GORDON,8,11,51
535,ELROD,JAVIER,7,11,49
334,MCWHORTER,RAYMOND,7,11,54
525,CLARY,ADRIAN,7,11,50
565,NETTLES,JAIME,7,11,35
247,MORENO,STELLA,8,11,49
187,RILEY,BRITTANY,7,11,64
400,HARDISON,BRYAN,8,11,42
175,OLSON,ANNETTE,7,11,47
362,BARFIELD,NICHOLAS,8,11,64
396,SHANKS,EARL,8,11,52
7,MILLER,MARIA,7,11,60
415,PULLEN,GLENN,7,11,41
435,SHELBY,RICKY,8,11,33
287,MILES,BECKY,7,11,41
29,HERNANDEZ,ANGELA,7,11,47
360,MADRIGAL,RALPH,8,11,56
454,GRESHAM,ALEX,7,11,46
157,ROSE,DARLENE,8,11,54
69,GRAY,JUDY,7,11,48
239,ROMERO,MINNIE,8,11,36
339,PERRYMAN,WALTER,8,11,43
77,BENNETT,JANE,8,11,48
298,PENA,ERIKA,8,11,46
183,ANDREWS,IDA,7,11,35
299,GANNON,JAMES,7,11,45
337,JORDON,JERRY,8,11,48
413,YEE,MARVIN,8,11,34
293,FLETCHER,MAE,8,11,61
461,BLAKELY,DEREK,7,11,27
578,LUMPKIN,WILLARD,7,11,46
88,HUGHES,BONNIE,7,11,45
551,BARBEE,CLAYTON,8,11,38
572,BURLESON,SIDNEY,7,11,47
280,BARRETT,TRACEY,7,11,35
206,VASQUEZ,TERRI,8,11,54
491,MATTOX,RICK,7,11,61
317,BAUGH,EDWARD,8,11,45
367,GOOCH,ADAM,7,11,47
10,TAYLOR,DOROTHY,7,11,46
385,HOLM,PHILLIP,7,11,45
2,JOHNSON,PATRICIA,8,11,45
1,SMITH,MARY,8,11,32
263,HOPKINS,HILDA,8,11,61
52,SANCHEZ,JULIE,8,11,39
314,LINTON,GEORGE,8,11,46
495,BESS,CHARLIE,7,11,57
521,SOUTH,ROLAND,8,11,42
118,CRUZ,KIM,7,11,38
58,BELL,JEAN,8,11,59
355,GRISSOM,TERRY,7,11,53
126,SIMPSON,ELLEN,8,11,51
320,SCHWAB,ANTHONY,7,11,40
550,BROWNLEE,GUY,7,11,45
262,DAVIDSON,PATSY,7,11,48
528,HERZOG,CLAUDE,7,11,57
112,REYNOLDS,ROSA,7,11,51
514,TROUTMAN,FRANKLIN,8,11,37
387,SCHILLING,JESSE,8,11,43
167,PIERCE,SALLY,8,11,44
428,KRUGER,HERBERT,7,11,50
481,DEVORE,HERMAN,8,11,38
328,SPEAR,JEFFREY,8,11,41
4,JONES,BARBARA,8,11,43
447,BOWENS,CLIFFORD,7,11,51
511,BENNER,CHESTER,7,11,36
38,GONZALEZ,MARTHA,8,11,46
389,KAHN,ALAN,7,11,51
393,CAUSEY,PHILIP,8,11,35
426,MOTLEY,BRADLEY,7,11,66
377,FORTNER,HOWARD,7,11,42
87,PATTERSON,WANDA,7,11,57
237,GILBERT,TANYA,8,11,61
567,MCADAMS,ALFREDO,7,11,41
177,DUNCAN,SAMANTHA,8,11,34
405,SCHOFIELD,LEONARD,7,11,30
392,DOUGLASS,SEAN,8,11,50
204,SCHMIDT,ROSEMARY,8,11,54
504,ADAM,NATHANIEL,7,11,58
500,KINDER,REGINALD,7,11,39
141,REYES,DEBBIE,7,11,42
391,GAMEZ,CLARENCE,7,11,38
59,MURPHY,CHERYL,7,11,61
149,BLACK,VALERIE,7,11,55
267,WADE,MARGIE,8,11,50
388,MORRELL,CRAIG,7,11,36
488,MILLARD,SHANE,7,11,51
420,LANCE,JACOB,7,11,40
276,GRAVES,BRANDY,7,11,46
251,BREWER,VICKIE,7,11,42
388,MORRELL,CRAIG,8,11,51
40,CARTER,AMANDA,8,11,48
113,FISHER,CINDY,7,11,44
231,JACOBS,GEORGIA,8,11,51
222,HANSEN,DELORES,7,11,47
312,RINEHART,MARK,7,11,49
560,ARCHULETA,JORDAN,8,11,57
231,JACOBS,GEORGIA,7,11,37
258,FLEMING,MYRTLE,8,11,53
31,WRIGHT,BRENDA,7,11,49
577,MALCOLM,CLIFTON,7,11,53
454,GRESHAM,ALEX,8,11,45
11,ANDERSON,LISA,7,11,54
139,DIXON,AMBER,8,11,47
152,MILLS,ALICIA,8,11,38
467,DELOACH,ALVIN,8,11,37
302,SILVERMAN,MICHAEL,8,11,46
36,ADAMS,KATHLEEN,8,11,49
253,CARLSON,TERRY,8,11,53
349,GILLILAND,JOE,8,11,65
75,SANDERS,TAMMY,8,11,40
195,SIMS,VANESSA,7,11,48
40,CARTER,AMANDA,7,11,41
30,KING,MELISSA,8,11,37
389,KAHN,ALAN,8,11,55
400,HARDISON,BRYAN,7,10,52
210,OLIVER,ELLA,8,10,57
435,SHELBY,RICKY,7,10,44
68,PETERSON,NICOLE,7,10,44
287,MILES,BECKY,8,10,39
288,CRAIG,BOBBIE,8,10,30
221,MORRISON,BESSIE,8,10,45
145,HOLMES,LUCILLE,8,10,46
463,POWER,DARRELL,7,10,31
74,KELLY,DENISE,7,10,48
293,FLETCHER,MAE,7,10,47
72,WATSON,THERESA,7,10,37
142,BURNS,APRIL,7,10,42
22,RODRIGUEZ,LAURA,8,10,55
119,MARSHALL,SHERRY,7,10,45
16,MARTIN,SANDRA,8,10,49
448,BETANCOURT,MIGUEL,7,10,44
338,GILMAN,DENNIS,8,10,38
164,GARDNER,JOANN,7,10,39
179,HART,DANA,8,10,39
329,WAGGONER,FRANK,8,10,46
361,LAWTON,LAWRENCE,7,10,30
544,NOLEN,CODY,8,10,46
296,HALE,RAMONA,8,10,46
103,HAMILTON,GLADYS,8,10,52
230,GEORGE,JOY,8,10,39
251,BREWER,VICKIE,8,10,40
192,LAWRENCE,LAURIE,7,10,36
572,BURLESON,SIDNEY,8,10,41
135,MASON,JUANITA,8,10,36
44,TURNER,MARIE,7,10,54
453,MARTEL,CALVIN,7,10,47
101,MYERS,PEGGY,8,10,32
120,ORTIZ,SYLVIA,8,10,51
215,BANKS,JESSIE,8,10,25
260,VARGAS,CHRISTY,8,10,42
305,MCCRARY,RICHARD,7,10,45
301,BAUGHMAN,ROBERT,7,10,49
258,FLEMING,MYRTLE,7,10,45
426,MOTLEY,BRADLEY,8,10,40
414,RALSTON,VINCENT,8,10,35
151,PALMER,MEGAN,8,10,38
527,MEEHAN,CORY,8,10,44
555,LOMBARDI,DWIGHT,8,10,43
16,MARTIN,SANDRA,7,10,35
169,MATTHEWS,ERICA,7,10,50
106,WALLACE,CONNIE,7,10,42
533,MILAM,JESSIE,8,10,52
153,NICHOLS,SUZANNE,8,10,42
370,TRUONG,WAYNE,8,10,36
47,PARKER,FRANCES,7,10,48
298,PENA,ERIKA,7,10,33
443,SKIDMORE,FRANCISCO,7,10,55
156,FERGUSON,BERTHA,8,10,38
166,PAYNE,LYNN,8,10,51
443,SKIDMORE,FRANCISCO,8,10,36
331,ROBERT,ERIC,8,10,42
448,BETANCOURT,MIGUEL,8,10,55
321,SCHULER,KEVIN,7,10,51
374,HURTADO,JEREMY,8,10,45
557,GAFFNEY,FELIX,7,10,27
104,GRAHAM,RITA,7,10,45
236,DEAN,MARCIA,8,10,54
325,BUNN,TIMOTHY,7,10,42
53,MORRIS,HEATHER,8,10,38
419,CARBONE,CHAD,8,10,44
540,ASHER,TYRONE,8,10,54
506,SEWARD,LESLIE,7,10,47
303,SATTERFIELD,WILLIAM,8,10,34
142,BURNS,APRIL,8,10,27
503,BARCLAY,ANGEL,7,10,42
453,MARTEL,CALVIN,8,10,46
518,HARDER,GABRIEL,8,10,46
224,GARZA,PEARL,8,10,33
385,HOLM,PHILLIP,8,10,44
59,MURPHY,CHERYL,8,10,48
60,BAILEY,MILDRED,8,10,41
180,CUNNINGHAM,STACY,7,10,41
589,HERRMANN,TRACY,8,10,50
345,ARTIS,CARL,7,10,50
376,GAITHER,RANDY,8,10,38
472,ROBINS,GREG,8,10,53
582,VANHORN,ANDY,8,10,44
163,SPENCER,CATHY,8,10,44
252,HOFFMAN,MATTIE,7,10,21
474,GILLETTE,DUSTIN,7,10,32
466,EBERT,LEO,8,10,49
566,MENA,CASEY,8,10,42
91,BUTLER,LOIS,8,10,30
414,RALSTON,VINCENT,7,10,41
189,CARPENTER,LORETTA,7,10,38
274,JENNINGS,NAOMI,7,10,46
161,PERKINS,GERALDINE,7,10,42
434,TOMLIN,EDDIE,8,10,53
386,TAN,TODD,8,10,38
294,WATTS,SHELLY,7,10,48
371,POULIN,BILLY,8,10,53
153,NICHOLS,SUZANNE,7,10,40
456,RICKETTS,RONNIE,8,10,45
114,ELLIS,GRACE,8,10,40
454,GRESHAM,ALEX,6,10,53
285,MCKINNEY,MIRIAM,8,10,49
226,LITTLE,MAUREEN,8,10,38
510,EASTER,BEN,7,10,47
63,RICHARDSON,ASHLEY,8,10,47
105,SULLIVAN,DAWN,7,10,49
338,GILMAN,DENNIS,7,10,41
365,SCHWARZ,BRUCE,7,10,45
582,VANHORN,ANDY,7,10,54
200,LAWSON,JEANNE,7,10,38
382,BARKLEY,VICTOR,7,10,40
394,BROTHERS,CHRIS,7,10,39
546,KNOTT,KELLY,7,10,40
437,NEUMANN,RANDALL,7,10,45
523,GUAJARDO,HARVEY,7,10,42
259,JENSEN,LENA,7,10,54
418,EAST,JEFF,7,10,46
445,FORMAN,MICHEAL,7,10,30
580,GREY,ROSS,8,10,48
377,FORTNER,HOWARD,8,10,37
587,STANFIELD,SERGIO,7,10,49
116,GIBSON,VICTORIA,8,10,44
113,FISHER,CINDY,8,10,40
73,BROOKS,BEVERLY,7,10,47
116,GIBSON,VICTORIA,7,10,42
323,MAHAN,MATTHEW,8,10,33
155,KNIGHT,GAIL,7,10,43
192,LAWRENCE,LAURIE,8,10,53
450,ROBB,JAY,8,10,35
547,EMMONS,KURT,7,10,42
154,GRANT,MICHELE,8,10,46
522,HAVENS,ARNOLD,8,10,48
193,ELLIOTT,KATIE,8,10,39
299,GANNON,JAMES,8,10,40
416,PINSON,JEFFERY,7,10,37
28,YOUNG,CYNTHIA,8,10,37
123,FREEMAN,SHANNON,7,10,46
151,PALMER,MEGAN,7,10,30
117,MCDONALD,EDITH,8,10,37
463,POWER,DARRELL,8,10,43
477,PAINE,DAN,7,10,59
159,HAWKINS,JILL,7,10,39
305,MCCRARY,RICHARD,8,10,43
489,MEADOR,RICARDO,8,10,56
383,BALES,MARTIN,8,10,39
27,ALLEN,SHIRLEY,8,10,46
20,ROBINSON,SHARON,7,10,43
269,WALTERS,CASSANDRA,8,10,46
374,HURTADO,JEREMY,7,10,39
427,MCCARTNEY,JESUS,7,10,50
589,HERRMANN,TRACY,7,10,38
13,JACKSON,KAREN,8,10,50
458,DOWD,LLOYD,7,9,32
171,WAGNER,DOLORES,7,9,34
547,EMMONS,KURT,8,9,37
143,GORDON,LESLIE,7,9,34
303,SATTERFIELD,WILLIAM,7,9,37
196,AUSTIN,ALMA,8,9,33
391,GAMEZ,CLARENCE,8,9,31
516,NOE,ELMER,7,9,47
527,MEEHAN,CORY,7,9,27
70,RAMIREZ,CHRISTINA,8,9,44
329,WAGGONER,FRANK,6,9,29
50,COLLINS,DIANE,8,9,52
573,BOX,BYRON,8,9,26
579,LARUE,DARYL,8,9,32
267,WADE,MARGIE,6,9,39
488,MILLARD,SHANE,8,9,35
224,GARZA,PEARL,7,9,28
295,BATES,DAISY,8,9,37
106,WALLACE,CONNIE,8,9,44
591,ARSENAULT,KENT,8,9,50
108,COLE,TRACY,8,9,45
111,OWENS,CARMEN,8,9,39
242,FRAZIER,GLENDA,7,9,39
226,LITTLE,MAUREEN,7,9,42
353,SCARBOROUGH,JONATHAN,8,9,29
534,JUNG,CHRISTIAN,8,9,37
121,GOMEZ,JOSEPHINE,7,9,32
95,BRYANT,PAULA,7,9,44
455,WILES,JON,8,9,32
73,BROOKS,BEVERLY,8,9,34
431,FRANCISCO,JOEL,8,9,36
212,RICHARDS,WILMA,8,9,36
324,COY,GARY,8,9,42
545,NOLAND,JULIO,8,9,39
480,HAUSER,COREY,8,9,38
17,THOMPSON,DONNA,7,9,44
336,MARK,JOSHUA,8,9,40
442,BUSTAMANTE,LEROY,8,9,25
383,BALES,MARTIN,7,9,27
25,WALKER,DEBORAH,8,9,31
62,COOPER,JOAN,8,9,37
421,HAWKS,LEE,8,9,46
457,GAVIN,BILL,6,9,31
6,DAVIS,JENNIFER,7,9,27
238,GARRETT,NELLIE,7,9,43
45,PHILLIPS,JANET,7,9,38
564,PFEIFFER,BOB,7,9,38
571,CHISHOLM,JOHNNIE,7,9,49
295,BATES,DAISY,6,9,33
465,GANDY,FLOYD,8,9,43
275,BARNETT,CAROLE,7,9,33
65,HOWARD,ROSE,7,9,38
288,CRAIG,BOBBIE,7,9,23
19,MARTINEZ,RUTH,8,9,55
18,GARCIA,CAROL,7,9,34
575,OGLESBY,ISAAC,7,9,37
21,CLARK,MICHELLE,7,9,32
156,FERGUSON,BERTHA,7,9,35
457,GAVIN,BILL,8,9,44
187,RILEY,BRITTANY,8,9,64
175,OLSON,ANNETTE,8,9,42
24,LEE,KIMBERLY,8,9,34
268,SOTO,NINA,8,9,43
530,ASHCRAFT,DARRYL,8,9,36
552,WALDROP,HUGH,7,9,49
261,BYRD,DEANNA,8,9,38
483,CHAPA,VERNON,7,9,49
352,CROUSE,ALBERT,7,9,44
496,WREN,TYLER,8,9,47
202,GUTIERREZ,CARLA,8,9,41
512,VINES,CECIL,7,9,37
213,WILLIAMSON,GINA,6,9,36
319,WEINER,RONALD,8,9,41
350,FRALEY,JUAN,8,9,30
65,HOWARD,ROSE,8,9,47
340,NEWSOM,PATRICK,7,9,31
586,STCLAIR,KIRK,8,9,23
587,STANFIELD,SERGIO,8,9,37
184,RUIZ,VIVIAN,7,9,37
111,OWENS,CARMEN,7,9,30
562,SLONE,WALLACE,7,9,39
401,CARRANZA,TONY,7,9,36
15,HARRIS,HELEN,7,9,41
359,MARKHAM,WILLIE,7,9,40
415,PULLEN,GLENN,8,9,40
540,ASHER,TYRONE,7,9,40
333,PURDY,ANDREW,8,9,38
56,COOK,GLORIA,7,9,38
313,MAHON,DONALD,8,9,39
493,HARKINS,BRENT,8,9,46
191,GREENE,JEANETTE,7,9,40
343,GRAF,DOUGLAS,7,9,55
509,FORTIER,RAUL,7,9,42
105,SULLIVAN,DAWN,8,9,33
160,DUNN,ERIN,7,9,29
83,JENKINS,LOUISE,7,9,32
76,PRICE,IRENE,7,9,26
98,GRIFFIN,LILLIAN,7,9,41
278,HORTON,BILLIE,7,9,38
279,SHELTON,DIANNE,7,9,43
429,ISBELL,FREDERICK,7,9,46
562,SLONE,WALLACE,8,9,41
14,WHITE,BETTY,8,9,36
549,CHRISTENSON,NELSON,7,9,42
180,CUNNINGHAM,STACY,8,9,44
216,MEYER,NATALIE,8,9,36
438,LOVELACE,BARRY,8,9,48
501,GEARY,RUBEN,7,9,37
69,GRAY,JUDY,8,9,33
184,RUIZ,VIVIAN,8,9,40
401,CARRANZA,TONY,8,9,26
309,GRECO,CHRISTOPHER,8,9,37
471,SAUER,DEAN,7,9,30
521,SOUTH,ROLAND,7,9,32
561,STILL,IAN,6,9,34
170,ARNOLD,BEATRICE,8,9,43
265,TERRY,JENNIE,8,9,46
33,HILL,ANNA,8,9,38
217,BISHOP,AGNES,7,9,34
424,SPURLOCK,KYLE,8,9,37
269,WALTERS,CASSANDRA,7,9,47
472,ROBINS,GREG,7,9,49
58,BELL,JEAN,7,9,39
476,BOURQUE,DERRICK,7,9,40
253,CARLSON,TERRY,7,9,34
332,QUALLS,STEPHEN,8,9,29
217,BISHOP,AGNES,8,9,38
552,WALDROP,HUGH,8,9,35
271,NEAL,PENNY,7,9,31
538,BREAUX,TED,8,9,39
34,SCOTT,REBECCA,7,9,34
312,RINEHART,MARK,8,9,33
545,NOLAND,JULIO,7,9,43
171,WAGNER,DOLORES,8,9,38
9,MOORE,MARGARET,7,9,29
98,GRIFFIN,LILLIAN,8,9,36
455,WILES,JON,7,9,46
364,VARNEY,BENJAMIN,8,9,34
526,SEAL,KARL,6,9,42
24,LEE,KIMBERLY,7,9,27
134,BOYD,EMMA,8,9,41
434,TOMLIN,EDDIE,7,9,41
546,KNOTT,KELLY,8,9,38
341,MENARD,PETER,8,9,39
433,BONE,DON,8,9,48
563,PREWITT,KEN,8,9,33
500,KINDER,REGINALD,8,9,32
530,ASHCRAFT,DARRYL,7,9,31
48,EVANS,ANN,7,8,45
122,MURRAY,THELMA,8,8,33
27,ALLEN,SHIRLEY,6,8,31
485,TOBIAS,CLYDE,8,8,37
484,VU,ROBERTO,8,8,32
444,HIDALGO,MARCUS,7,8,28
109,WEST,EDNA,7,8,27
196,AUSTIN,ALMA,6,8,32
557,GAFFNEY,FELIX,8,8,20
543,PEMBERTON,LANCE,7,8,28
449,AQUINO,OSCAR,7,8,37
542,TIRADO,LONNIE,7,8,48
209,CHAPMAN,TONYA,8,8,45
581,WOFFORD,VIRGIL,8,8,28
505,ABNEY,RAFAEL,8,8,28
240,WELCH,MARLENE,8,8,40
392,DOUGLASS,SEAN,7,8,24
249,MEDINA,DORA,7,8,48
551,BARBEE,CLAYTON,7,8,29
92,SIMMONS,TINA,8,8,29
290,CHAMBERS,KRISTINA,8,8,29
130,HUNTER,CHARLOTTE,7,8,32
123,FREEMAN,SHANNON,8,8,37
340,NEWSOM,PATRICK,6,8,36
412,BUTTERFIELD,ALLEN,8,8,44
23,LEWIS,SARAH,8,8,26
10,TAYLOR,DOROTHY,8,8,33
264,MAY,GWENDOLYN,8,8,30
347,SALISBURY,RYAN,8,8,45
199,FRANKLIN,BETH,8,8,31
325,BUNN,TIMOTHY,8,8,31
495,BESS,CHARLIE,8,8,33
501,GEARY,RUBEN,8,8,36
60,BAILEY,MILDRED,7,8,28
497,SLEDGE,GILBERT,8,8,26
173,RAY,AUDREY,8,8,37
174,WATKINS,YVONNE,8,8,32
592,ROUSH,TERRANCE,8,8,24
367,GOOCH,ADAM,8,8,50
124,WELLS,SHEILA,7,8,38
350,FRALEY,JUAN,7,8,25
218,MCCOY,VERA,7,8,38
260,VARGAS,CHRISTY,6,8,35
176,CARROLL,JUNE,6,8,43
354,NGO,JUSTIN,8,8,34
268,SOTO,NINA,6,8,27
182,LANE,RENEE,8,8,39
9,MOORE,MARGARET,8,8,32
370,TRUONG,WAYNE,7,8,28
64,COX,JUDITH,8,8,23
399,ISOM,DANNY,8,8,34
203,RYAN,TARA,8,8,28
315,GOODEN,KENNETH,7,8,48
104,GRAHAM,RITA,8,8,24
411,CURRIER,NORMAN,8,8,31
452,MILNER,TOM,8,8,26
576,MCCARTER,MORRIS,8,8,32
531,WAUGH,JAMIE,8,8,43
83,JENKINS,LOUISE,8,8,39
427,MCCARTNEY,JESUS,8,8,39
311,TROUT,PAUL,7,8,46
363,WHITING,ROY,8,8,47
236,DEAN,MARCIA,6,8,38
197,PETERS,SUE,7,8,36
496,WREN,TYLER,7,8,30
284,GREGORY,SONIA,8,8,42
178,SNYDER,MARION,6,8,45
234,FULLER,CLAUDIA,6,8,37
67,TORRES,KELLY,7,8,31
440,COLBY,BERNARD,8,8,31
480,HAUSER,COREY,7,8,44
510,EASTER,BEN,6,8,34
536,CHURCHILL,FERNANDO,8,8,47
85,POWELL,ANNE,7,8,27
197,PETERS,SUE,5,8,21
336,MARK,JOSHUA,6,8,26
46,CAMPBELL,CATHERINE,7,8,33
54,ROGERS,TERESA,7,8,30
384,STEPP,ERNEST,7,8,19
8,WILSON,SUSAN,8,8,36
458,DOWD,LLOYD,8,8,28
558,EGGLESTON,JIMMIE,8,8,37
67,TORRES,KELLY,8,8,42
169,MATTHEWS,ERICA,8,8,29
200,LAWSON,JEANNE,8,8,54
399,ISOM,DANNY,7,8,31
115,HARRISON,WENDY,8,8,22
378,CULPEPPER,EUGENE,7,8,21
394,BROTHERS,CHRIS,8,8,29
310,CABRAL,DANIEL,7,8,42
364,VARNEY,BENJAMIN,7,8,36
96,ALEXANDER,DIANA,8,8,34
588,OCAMPO,MARION,8,8,30
205,CARR,EILEEN,7,8,46
561,STILL,IAN,8,8,22
82,COLEMAN,KATHRYN,8,8,33
197,PETERS,SUE,6,8,32
380,BRINSON,RUSSELL,6,8,28
186,FOX,HOLLY,7,8,27
39,NELSON,DEBRA,8,8,41
593,MCALISTER,RENE,8,8,36
214,JOHNSTON,KRISTIN,7,8,36
568,HENNING,ALBERTO,7,8,24
460,BOSTIC,LEON,7,8,42
132,CRAWFORD,ESTHER,8,8,31
11,ANDERSON,LISA,8,8,29
281,OBRIEN,LEONA,7,8,28
133,HENRY,PAULINE,8,8,27
33,HILL,ANNA,7,8,30
35,GREEN,VIRGINIA,8,8,32
130,HUNTER,CHARLOTTE,8,8,34
359,MARKHAM,WILLIE,8,8,28
595,GUNDERSON,TERRENCE,8,8,16
524,ELY,JARED,7,8,49
195,SIMS,VANESSA,8,8,39
493,HARKINS,BRENT,7,8,43
188,ARMSTRONG,MELANIE,7,8,32
515,RAPP,ANDRE,7,8,31
423,CASILLAS,ALFRED,8,8,34
55,REED,DORIS,7,7,37
311,TROUT,PAUL,8,7,35
459,COLLAZO,TOMMY,6,7,26
256,HOLLAND,MABEL,6,7,31
456,RICKETTS,RONNIE,7,7,25
452,MILNER,TOM,6,7,23
255,PEARSON,IRMA,7,7,24
569,GARDINER,DAVE,7,7,25
238,GARRETT,NELLIE,8,7,33
576,MCCARTER,MORRIS,6,7,34
146,RICE,JAMIE,6,7,26
357,RICO,KEITH,8,7,21
223,FERNANDEZ,MELINDA,8,7,34
146,RICE,JAMIE,7,7,37
425,SIKES,FRANCIS,8,7,24
478,LYMAN,LEWIS,7,7,29
322,MORRISSEY,JASON,8,7,36
398,MEEK,ANTONIO,7,7,34
313,MAHON,DONALD,7,7,25
371,POULIN,BILLY,6,7,24
261,BYRD,DEANNA,7,7,29
422,ELLINGTON,MELVIN,7,7,22
466,EBERT,LEO,7,7,24
477,PAINE,DAN,8,7,22
511,BENNER,CHESTER,8,7,35
43,ROBERTS,CHRISTINE,8,7,33
451,REA,JIM,7,7,38
246,MENDOZA,MARIAN,8,7,36
343,GRAF,DOUGLAS,6,7,31
541,WINDHAM,DARREN,7,7,34
570,CROMWELL,IVAN,6,7,33
574,VEST,JULIAN,8,7,28
395,TURPIN,JOHNNY,7,7,25
491,MATTOX,RICK,8,7,28
431,FRANCISCO,JOEL,6,7,36
219,HOWELL,WILLIE,8,7,26
127,STEVENS,ELAINE,7,7,37
321,SCHULER,KEVIN,8,7,43
55,REED,DORIS,8,7,29
149,BLACK,VALERIE,8,7,29
293,FLETCHER,MAE,6,7,36
528,HERZOG,CLAUDE,8,7,29
110,JORDAN,TIFFANY,7,7,23
102,FORD,CRYSTAL,8,7,33
183,ANDREWS,IDA,8,7,26
122,MURRAY,THELMA,6,7,26
190,WEAVER,YOLANDA,7,7,28
451,REA,JIM,6,7,23
490,MCDUFFIE,SAM,8,7,37
491,MATTOX,RICK,6,7,32
341,MENARD,PETER,7,7,30
556,GRUBER,ARMANDO,7,7,23
232,REID,CONSTANCE,8,7,19
70,RAMIREZ,CHRISTINA,7,7,27
271,NEAL,PENNY,8,7,26
46,CAMPBELL,CATHERINE,6,7,33
140,RAMOS,EVA,7,7,30
62,COOPER,JOAN,6,7,25
417,ESTEP,TRAVIS,7,7,36
457,GAVIN,BILL,7,7,28
229,NGUYEN,TAMARA,8,7,28
508,HOWLAND,MILTON,8,7,41
286,LUCAS,VELMA,8,7,20
599,CINTRON,AUSTIN,8,7,28
255,PEARSON,IRMA,8,7,31
344,BILLINGSLEY,HENRY,8,7,26
406,RUNYON,NATHAN,6,7,27
430,HOULE,RAY,7,7,34
534,JUNG,CHRISTIAN,7,7,26
384,STEPP,ERNEST,6,7,35
516,NOE,ELMER,8,7,17
537,BUFORD,CLINTON,8,7,29
450,ROBB,JAY,7,7,27
307,JOY,JOSEPH,8,7,30
343,GRAF,DOUGLAS,8,7,21
450,ROBB,JAY,6,7,23
479,HITE,ZACHARY,8,7,30
12,THOMAS,NANCY,8,7,27
358,MARLOW,SAMUEL,7,7,20
1,SMITH,MARY,6,7,32
77,BENNETT,JANE,7,7,16
351,FOUST,JACK,8,7,27
94,GONZALES,NORMA,7,7,29
68,PETERSON,NICOLE,8,7,25
517,MCCURDY,BRAD,8,7,27
149,BLACK,VALERIE,6,7,33
61,RIVERA,KATHERINE,8,7,25
162,HUDSON,LAUREN,7,7,33
86,LONG,JACQUELINE,6,7,25
243,BURKE,LYDIA,8,7,19
140,RAMOS,EVA,8,7,38
492,KRAUS,LESTER,7,7,27
352,CROUSE,ALBERT,8,7,29
382,BARKLEY,VICTOR,8,7,30
358,MARLOW,SAMUEL,8,7,37
29,HERNANDEZ,ANGELA,6,7,22
136,MORALES,ANITA,8,7,32
187,RILEY,BRITTANY,6,7,24
109,WEST,EDNA,5,7,28
247,MORENO,STELLA,7,7,34
299,GANNON,JAMES,6,7,32
345,ARTIS,CARL,8,7,43
568,HENNING,ALBERTO,8,7,22
96,ALEXANDER,DIANA,6,7,22
53,MORRIS,HEATHER,7,7,32
571,CHISHOLM,JOHNNIE,8,7,26
277,JIMENEZ,OLGA,6,7,29
341,MENARD,PETER,6,7,38
41,MITCHELL,STEPHANIE,8,7,32
316,CURLEY,STEVEN,8,7,25
218,MCCOY,VERA,8,7,25
486,TALBERT,GLEN,8,7,25
599,CINTRON,AUSTIN,7,7,30
223,FERNANDEZ,MELINDA,7,7,33
250,FOWLER,JO,7,7,20
270,CURTIS,LEAH,7,7,31
441,CHEATHAM,MARIO,8,7,26
42,PEREZ,CAROLYN,8,7,31
412,BUTTERFIELD,ALLEN,7,7,27
174,WATKINS,YVONNE,7,7,33
26,HALL,JESSICA,6,7,42
89,FLORES,JULIA,8,7,25
212,RICHARDS,WILMA,7,7,41
369,WHEAT,FRED,8,7,22
437,NEUMANN,RANDALL,8,7,29
543,PEMBERTON,LANCE,8,7,24
567,MCADAMS,ALFREDO,8,7,37
32,LOPEZ,AMY,8,7,38
200,LAWSON,JEANNE,6,7,32
203,RYAN,TARA,7,7,41
250,FOWLER,JO,8,7,30
430,HOULE,RAY,8,7,22
475,CHESTNUT,PEDRO,8,7,26
578,LUMPKIN,WILLARD,8,7,35
456,RICKETTS,RONNIE,6,7,26
3,WILLIAMS,LINDA,8,7,36
66,WARD,JANICE,6,7,30
85,POWELL,ANNE,8,7,26
272,CALDWELL,KAY,8,7,29
107,WOODS,FLORENCE,6,7,25
215,BANKS,JESSIE,7,7,32
434,TOMLIN,EDDIE,6,7,29
506,SEWARD,LESLIE,5,7,29
71,JAMES,KATHY,8,7,32
155,KNIGHT,GAIL,8,7,28
316,CURLEY,STEVEN,6,7,36
322,MORRISSEY,JASON,6,7,41
338,GILMAN,DENNIS,6,7,35
509,FORTIER,RAUL,8,7,37
177,DUNCAN,SAMANTHA,7,7,23
22,RODRIGUEZ,LAURA,7,7,32
304,ROYAL,DAVID,8,7,27
171,WAGNER,DOLORES,6,7,33
561,STILL,IAN,7,7,30
597,DUGGAN,FREDDIE,7,7,27
93,FOSTER,PHYLLIS,7,6,22
152,MILLS,ALICIA,7,6,26
479,HITE,ZACHARY,6,6,24
420,LANCE,JACOB,8,6,29
205,CARR,EILEEN,8,6,20
515,RAPP,ANDRE,6,6,26
365,SCHWARZ,BRUCE,8,6,30
310,CABRAL,DANIEL,6,6,28
544,NOLEN,CODY,7,6,30
371,POULIN,BILLY,5,6,26
395,TURPIN,JOHNNY,6,6,16
586,STCLAIR,KIRK,7,6,24
368,ARCE,HARRY,6,6,31
384,STEPP,ERNEST,8,6,24
252,HOFFMAN,MATTIE,8,6,21
327,THRASHER,LARRY,6,6,31
81,HENDERSON,ANDREA,7,6,24
144,SHAW,CLARA,6,6,23
88,HUGHES,BONNIE,8,6,26
37,BAKER,PAMELA,7,6,37
111,OWENS,CARMEN,6,6,23
204,SCHMIDT,ROSEMARY,6,6,32
464,KENYON,JEROME,7,6,33
136,MORALES,ANITA,7,6,25
239,ROMERO,MINNIE,5,6,34
335,MAULDIN,GREGORY,8,6,17
261,BYRD,DEANNA,6,6,24
548,CORNISH,ALLAN,8,6,27
189,CARPENTER,LORETTA,8,6,36
235,LYNCH,JACKIE,8,6,21
191,GREENE,JEANETTE,6,6,18
94,GONZALES,NORMA,8,6,18
596,FORSYTHE,ENRIQUE,5,6,23
269,WALTERS,CASSANDRA,5,6,19
18,GARCIA,CAROL,8,6,19
165,STEPHENS,LORRAINE,8,6,25
430,HOULE,RAY,6,6,16
476,BOURQUE,DERRICK,8,6,34
120,ORTIZ,SYLVIA,6,6,30
524,ELY,JARED,8,6,23
216,MEYER,NATALIE,7,6,33
118,CRUZ,KIM,8,6,28
25,WALKER,DEBORAH,6,6,34
594,HIATT,EDUARDO,6,6,24
383,BALES,MARTIN,6,6,28
245,DAY,COURTNEY,8,6,19
132,CRAWFORD,ESTHER,6,6,20
444,HIDALGO,MARCUS,6,6,26
478,LYMAN,LEWIS,6,6,32
98,GRIFFIN,LILLIAN,6,6,26
519,DELUCA,RON,8,6,30
395,TURPIN,JOHNNY,8,6,17
516,NOE,ELMER,6,6,23
129,PORTER,CARRIE,6,6,20
514,TROUTMAN,FRANKLIN,6,6,15
76,PRICE,IRENE,6,6,13
225,HARVEY,ARLENE,8,6,23
292,LAMBERT,MISTY,8,6,28
230,GEORGE,JOY,6,6,21
113,FISHER,CINDY,6,6,28
76,PRICE,IRENE,8,6,36
19,MARTINEZ,RUTH,5,6,27
130,HUNTER,CHARLOTTE,6,6,22
548,CORNISH,ALLAN,7,6,30
161,PERKINS,GERALDINE,5,6,18
19,MARTINEZ,RUTH,7,6,35
505,ABNEY,RAFAEL,7,6,34
308,GRIGSBY,THOMAS,7,6,28
193,ELLIOTT,KATIE,6,6,36
446,CULP,THEODORE,6,6,21
256,HOLLAND,MABEL,7,6,13
523,GUAJARDO,HARVEY,8,6,21
533,MILAM,JESSIE,6,6,19
143,GORDON,LESLIE,8,6,33
61,RIVERA,KATHERINE,7,6,33
403,WAY,MIKE,6,6,36
85,POWELL,ANNE,6,6,20
379,COUGHLIN,CARLOS,7,6,31
35,GREEN,VIRGINIA,6,6,18
307,JOY,JOSEPH,6,6,23
571,CHISHOLM,JOHNNIE,6,6,33
319,WEINER,RONALD,6,6,22
233,KIM,LILLIE,8,6,20
274,JENNINGS,NAOMI,5,6,25
242,FRAZIER,GLENDA,6,6,30
550,BROWNLEE,GUY,6,6,40
17,THOMPSON,DONNA,8,6,23
449,AQUINO,OSCAR,8,6,35
583,THORN,MARSHALL,6,6,30
464,KENYON,JEROME,8,6,27
245,DAY,COURTNEY,5,6,29
248,BOWMAN,CAROLINE,7,6,19
478,LYMAN,LEWIS,8,6,26
283,SUTTON,FELICIA,8,6,18
405,SCHOFIELD,LEONARD,6,6,27
410,IRBY,CURTIS,6,6,23
84,PERRY,SARA,6,6,15
596,FORSYTHE,ENRIQUE,7,6,22
49,EDWARDS,JOYCE,8,6,23
116,GIBSON,VICTORIA,6,6,21
555,LOMBARDI,DWIGHT,7,6,30
4,JONES,BARBARA,6,6,17
378,CULPEPPER,EUGENE,8,6,26
253,CARLSON,TERRY,6,6,30
186,FOX,HOLLY,6,6,26
193,ELLIOTT,KATIE,7,6,28
246,MENDOZA,MARIAN,7,6,28
163,SPENCER,CATHY,6,6,30
39,NELSON,DEBRA,6,6,27
542,TIRADO,LONNIE,8,6,21
134,BOYD,EMMA,7,6,19
358,MARLOW,SAMUEL,6,6,19
207,CASTILLO,GERTRUDE,5,6,18
249,MEDINA,DORA,8,6,21
289,RODRIQUEZ,VIOLET,6,6,38
12,THOMAS,NANCY,6,6,27
413,YEE,MARVIN,7,6,21
44,TURNER,MARIE,8,6,27
194,CHAVEZ,KRISTEN,8,6,29
328,SPEAR,JEFFREY,7,6,25
57,MORGAN,EVELYN,8,6,29
549,CHRISTENSON,NELSON,8,6,18
344,BILLINGSLEY,HENRY,7,6,29
47,PARKER,FRANCES,8,6,27
272,CALDWELL,KAY,7,6,37
468,CARY,TIM,6,6,24
498,SANBORN,GENE,6,6,20
439,FENNELL,ALEXANDER,6,6,24
215,BANKS,JESSIE,6,6,24
251,BREWER,VICKIE,5,6,20
109,WEST,EDNA,8,6,27
438,LOVELACE,BARRY,6,6,18
472,ROBINS,GREG,6,6,25
406,RUNYON,NATHAN,8,6,26
556,GRUBER,ARMANDO,8,6,24
326,ANDREW,JOSE,8,6,18
585,SWAFFORD,PERRY,8,6,28
53,MORRIS,HEATHER,5,6,27
318,WYMAN,BRIAN,7,6,25
387,SCHILLING,JESSE,6,6,15
198,KELLEY,ELSIE,5,5,17
528,HERZOG,CLAUDE,5,5,18
123,FREEMAN,SHANNON,6,5,15
423,CASILLAS,ALFRED,6,5,28
393,CAUSEY,PHILIP,6,5,20
21,CLARK,MICHELLE,6,5,32
107,WOODS,FLORENCE,8,5,26
365,SCHWARZ,BRUCE,6,5,18
431,FRANCISCO,JOEL,7,5,18
540,ASHER,TYRONE,6,5,19
330,SHELLEY,SCOTT,6,5,22
387,SCHILLING,JESSE,7,5,22
89,FLORES,JULIA,6,5,31
409,MOELLER,RODNEY,8,5,24
598,DELVALLE,WADE,8,5,16
222,HANSEN,DELORES,5,5,20
574,VEST,JULIAN,6,5,16
551,BARBEE,CLAYTON,5,5,21
53,MORRIS,HEATHER,6,5,11
311,TROUT,PAUL,5,5,27
250,FOWLER,JO,5,5,19
273,LOWE,PRISCILLA,6,5,22
62,COOPER,JOAN,7,5,17
347,SALISBURY,RYAN,6,5,32
534,JUNG,CHRISTIAN,6,5,16
57,MORGAN,EVELYN,6,5,21
375,SELBY,AARON,7,5,23
143,GORDON,LESLIE,6,5,17
506,SEWARD,LESLIE,6,5,28
362,BARFIELD,NICHOLAS,6,5,15
45,PHILLIPS,JANET,6,5,18
256,HOLLAND,MABEL,5,5,15
448,BETANCOURT,MIGUEL,6,5,25
246,MENDOZA,MARIAN,5,5,31
583,THORN,MARSHALL,8,5,19
162,HUDSON,LAUREN,6,5,13
23,LEWIS,SARAH,6,5,17
290,CHAMBERS,KRISTINA,6,5,26
297,RHODES,SHERRI,6,5,24
77,BENNETT,JANE,5,5,15
237,GILBERT,TANYA,6,5,13
28,YOUNG,CYNTHIA,6,5,14
4,JONES,BARBARA,7,5,22
194,CHAVEZ,KRISTEN,7,5,26
469,BULL,WESLEY,5,5,19
391,GAMEZ,CLARENCE,5,5,25
14,WHITE,BETTY,5,5,21
189,CARPENTER,LORETTA,6,5,14
468,CARY,TIM,5,5,21
416,PINSON,JEFFERY,6,5,13
568,HENNING,ALBERTO,6,5,18
427,MCCARTNEY,JESUS,6,5,19
283,SUTTON,FELICIA,6,5,18
227,BURTON,COLLEEN,8,5,16
446,CULP,THEODORE,8,5,17
82,COLEMAN,KATHRYN,6,5,21
291,HOLT,TONI,8,5,21
592,ROUSH,TERRANCE,6,5,25
239,ROMERO,MINNIE,6,5,24
254,SILVA,MAXINE,6,5,14
355,GRISSOM,TERRY,8,5,11
471,SAUER,DEAN,6,5,21
159,HAWKINS,JILL,8,5,18
176,CARROLL,JUNE,5,5,22
50,COLLINS,DIANE,5,5,25
327,THRASHER,LARRY,7,5,13
5,BROWN,ELIZABETH,6,5,20
588,OCAMPO,MARION,6,5,25
10,TAYLOR,DOROTHY,6,5,16
377,FORTNER,HOWARD,6,5,15
330,SHELLEY,SCOTT,8,5,16
49,EDWARDS,JOYCE,6,5,24
339,PERRYMAN,WALTER,6,5,26
381,BOUDREAU,BOBBY,6,5,17
483,CHAPA,VERNON,8,5,18
177,DUNCAN,SAMANTHA,6,5,15
208,WHEELER,LUCY,6,5,12
390,HEATON,SHAWN,6,5,26
590,HANNON,SETH,6,5,31
148,HUNT,ELEANOR,6,5,23
575,OGLESBY,ISAAC,5,5,17
44,TURNER,MARIE,5,5,13
510,EASTER,BEN,8,5,22
155,KNIGHT,GAIL,6,5,28
201,FIELDS,VICKI,6,5,26
426,MOTLEY,BRADLEY,6,5,20
352,CROUSE,ALBERT,6,5,21
517,MCCURDY,BRAD,6,5,23
320,SCHWAB,ANTHONY,6,5,24
429,ISBELL,FREDERICK,5,5,27
556,GRUBER,ARMANDO,6,5,26
363,WHITING,ROY,6,5,23
507,RHOADS,EDGAR,8,5,25
117,MCDONALD,EDITH,7,5,27
308,GRIGSBY,THOMAS,6,5,20
108,COLE,TRACY,6,5,25
201,FIELDS,VICKI,7,5,17
151,PALMER,MEGAN,6,5,14
75,SANDERS,TAMMY,6,5,30
190,WEAVER,YOLANDA,6,5,20
208,WHEELER,LUCY,8,5,22
221,MORRISON,BESSIE,6,5,24
7,MILLER,MARIA,6,5,11
500,KINDER,REGINALD,6,5,26
77,BENNETT,JANE,6,5,22
539,BOLIN,MATHEW,8,5,19
68,PETERSON,NICOLE,6,5,26
87,PATTERSON,WANDA,6,5,26
525,CLARY,ADRIAN,8,5,13
55,REED,DORIS,6,5,19
279,SHELTON,DIANNE,6,5,17
543,PEMBERTON,LANCE,6,5,22
38,GONZALEZ,MARTHA,6,5,16
432,BURK,EDWIN,8,5,23
248,BOWMAN,CAROLINE,8,5,14
216,MEYER,NATALIE,6,5,16
315,GOODEN,KENNETH,8,5,17
310,CABRAL,DANIEL,8,5,27
558,EGGLESTON,JIMMIE,6,5,28
7,MILLER,MARIA,5,5,21
328,SPEAR,JEFFREY,6,5,22
266,HERRERA,NORA,7,5,21
99,DIAZ,EMILY,8,5,25
388,MORRELL,CRAIG,6,5,27
428,KRUGER,HERBERT,6,5,15
214,JOHNSTON,KRISTIN,5,5,13
249,MEDINA,DORA,6,5,20
382,BARKLEY,VICTOR,6,5,16
94,GONZALES,NORMA,6,5,20
301,BAUGHMAN,ROBERT,8,5,23
353,SCARBOROUGH,JONATHAN,7,5,19
173,RAY,AUDREY,6,5,17
194,CHAVEZ,KRISTEN,6,5,20
185,HARPER,ROBERTA,8,5,14
241,LARSON,HEIDI,6,5,12
246,MENDOZA,MARIAN,6,5,13
398,MEEK,ANTONIO,8,5,20
489,MEADOR,RICARDO,7,5,18
589,HERRMANN,TRACY,6,5,31
124,WELLS,SHEILA,8,5,18
391,GAMEZ,CLARENCE,6,5,11
466,EBERT,LEO,6,5,29
569,GARDINER,DAVE,5,5,21
364,VARNEY,BENJAMIN,6,5,20
24,LEE,KIMBERLY,6,5,25
109,WEST,EDNA,6,5,26
100,HAYES,ROBIN,8,5,12
213,WILLIAMSON,GINA,8,5,20
386,TAN,TODD,6,5,17
345,ARTIS,CARL,6,4,12
13,JACKSON,KAREN,6,4,20
442,BUSTAMANTE,LEROY,6,4,19
477,PAINE,DAN,6,4,26
455,WILES,JON,6,4,8
3,WILLIAMS,LINDA,6,4,26
56,COOK,GLORIA,5,4,20
203,RYAN,TARA,6,4,19
261,BYRD,DEANNA,5,4,17
554,OLVERA,DWAYNE,7,4,17
309,GRECO,CHRISTOPHER,6,4,26
554,OLVERA,DWAYNE,6,4,22
573,BOX,BYRON,6,4,21
259,JENSEN,LENA,6,4,25
124,WELLS,SHEILA,5,4,16
114,ELLIS,GRACE,6,4,20
590,HANNON,SETH,8,4,18
16,MARTIN,SANDRA,5,4,11
147,ROBERTSON,JOANNE,6,4,17
287,MILES,BECKY,6,4,28
166,PAYNE,LYNN,6,4,14
538,BREAUX,TED,6,4,19
465,GANDY,FLOYD,6,4,18
83,JENKINS,LOUISE,6,4,21
42,PEREZ,CAROLYN,6,4,13
544,NOLEN,CODY,6,4,17
133,HENRY,PAULINE,6,4,14
486,TALBERT,GLEN,6,4,17
522,HAVENS,ARNOLD,6,4,17
402,YANEZ,LUIS,8,4,12
104,GRAHAM,RITA,6,4,9
266,HERRERA,NORA,6,4,21
375,SELBY,AARON,5,4,22
137,KENNEDY,RHONDA,6,4,20
40,CARTER,AMANDA,6,4,17
264,MAY,GWENDOLYN,6,4,14
95,BRYANT,PAULA,8,4,20
562,SLONE,WALLACE,6,4,18
384,STEPP,ERNEST,5,4,12
30,KING,MELISSA,6,4,13
288,CRAIG,BOBBIE,5,4,22
304,ROYAL,DAVID,6,4,21
16,MARTIN,SANDRA,6,4,24
537,BUFORD,CLINTON,6,4,24
559,BANDA,EVERETT,6,4,13
326,ANDREW,JOSE,6,4,16
499,OUTLAW,MARC,6,4,15
400,HARDISON,BRYAN,5,4,19
511,BENNER,CHESTER,6,4,22
79,BARNES,RACHEL,8,4,12
354,NGO,JUSTIN,6,4,16
56,COOK,GLORIA,6,4,14
209,CHAPMAN,TONYA,6,4,20
229,NGUYEN,TAMARA,6,4,15
112,REYNOLDS,ROSA,6,4,16
228,STANLEY,ALLISON,6,4,14
305,MCCRARY,RICHARD,6,4,19
472,ROBINS,GREG,5,4,10
272,CALDWELL,KAY,5,4,16
312,RINEHART,MARK,5,4,18
549,CHRISTENSON,NELSON,5,4,15
594,HIATT,EDUARDO,5,4,22
527,MEEHAN,CORY,6,4,8
585,SWAFFORD,PERRY,6,4,14
150,DANIELS,DANIELLE,7,4,18
31,WRIGHT,BRENDA,8,4,20
429,ISBELL,FREDERICK,6,4,20
153,NICHOLS,SUZANNE,6,4,13
476,BOURQUE,DERRICK,6,4,13
183,ANDREWS,IDA,6,4,15
227,BURTON,COLLEEN,6,4,13
298,PENA,ERIKA,6,4,19
387,SCHILLING,JESSE,5,4,22
313,MAHON,DONALD,5,4,10
378,CULPEPPER,EUGENE,6,4,24
292,LAMBERT,MISTY,6,4,15
467,DELOACH,ALVIN,6,4,31
54,ROGERS,TERESA,6,4,20
20,ROBINSON,SHARON,6,4,15
67,TORRES,KELLY,6,4,14
262,DAVIDSON,PATSY,6,4,21
566,MENA,CASEY,6,4,17
404,SCROGGINS,STANLEY,6,4,16
74,KELLY,DENISE,6,4,13
162,HUDSON,LAUREN,8,4,13
296,HALE,RAMONA,5,4,19
158,STONE,VERONICA,6,4,22
463,POWER,DARRELL,6,4,16
497,SLEDGE,GILBERT,6,4,23
110,JORDAN,TIFFANY,8,4,18
484,VU,ROBERTO,6,4,19
374,HURTADO,JEREMY,6,4,12
159,HAWKINS,JILL,5,4,10
134,BOYD,EMMA,6,4,18
492,KRAUS,LESTER,8,4,14
493,HARKINS,BRENT,6,4,13
140,RAMOS,EVA,6,4,16
181,BRADLEY,ANA,6,4,20
95,BRYANT,PAULA,6,4,9
357,RICO,KEITH,6,4,17
48,EVANS,ANN,8,4,12
52,SANCHEZ,JULIE,6,4,14
270,CURTIS,LEAH,6,4,22
502,CORNWELL,BRETT,5,4,8
105,SULLIVAN,DAWN,5,4,27
422,ELLINGTON,MELVIN,6,4,15
275,BARNETT,CAROLE,6,4,13
535,ELROD,JAVIER,5,4,13
492,KRAUS,LESTER,6,4,22
228,STANLEY,ALLISON,8,4,14
278,HORTON,BILLIE,6,4,12
523,GUAJARDO,HARVEY,6,4,25
205,CARR,EILEEN,6,4,15
460,BOSTIC,LEON,5,4,12
495,BESS,CHARLIE,6,4,20
32,LOPEZ,AMY,6,4,16
18,GARCIA,CAROL,6,4,26
174,WATKINS,YVONNE,6,4,17
412,BUTTERFIELD,ALLEN,5,4,11
255,PEARSON,IRMA,6,4,16
282,CASTRO,JENNY,6,4,14
350,FRALEY,JUAN,6,4,9
125,WEBB,ETHEL,6,4,20
447,BOWENS,CLIFFORD,6,4,14
368,ARCE,HARRY,5,4,18
505,ABNEY,RAFAEL,6,4,25
134,BOYD,EMMA,5,4,17
156,FERGUSON,BERTHA,6,4,17
188,ARMSTRONG,MELANIE,6,4,14
587,STANFIELD,SERGIO,6,4,16
359,MARKHAM,WILLIE,6,4,13
182,LANE,RENEE,6,4,14
360,MADRIGAL,RALPH,6,4,19
307,JOY,JOSEPH,5,4,19
202,GUTIERREZ,CARLA,6,4,10
233,KIM,LILLIE,6,4,14
249,MEDINA,DORA,5,4,19
50,COLLINS,DIANE,6,4,12
333,PURDY,ANDREW,6,4,15
320,SCHWAB,ANTHONY,8,4,8
196,AUSTIN,ALMA,5,4,23
282,CASTRO,JENNY,8,4,14
553,PITT,MAX,8,4,14
599,CINTRON,AUSTIN,6,4,21
212,RICHARDS,WILMA,6,4,15
49,EDWARDS,JOYCE,5,4,14
473,OLIVARES,JORGE,6,4,14
91,BUTLER,LOIS,6,4,13
44,TURNER,MARIE,6,4,16
139,DIXON,AMBER,6,4,15
204,SCHMIDT,ROSEMARY,5,4,13
369,WHEAT,FRED,5,4,19
503,BARCLAY,ANGEL,5,4,16
481,DEVORE,HERMAN,6,4,14
593,MCALISTER,RENE,6,4,21
318,WYMAN,BRIAN,6,4,15
392,DOUGLASS,SEAN,6,4,18
514,TROUTMAN,FRANKLIN,7,4,18
6,DAVIS,JENNIFER,6,4,9
100,HAYES,ROBIN,6,4,19
361,LAWTON,LAWRENCE,6,4,13
349,GILLILAND,JOE,6,4,20
546,KNOTT,KELLY,6,4,13
489,MEADOR,RICARDO,6,4,18
103,HAMILTON,GLADYS,6,4,8
303,SATTERFIELD,WILLIAM,6,4,21
119,MARSHALL,SHERRY,6,3,17
170,ARNOLD,BEATRICE,5,3,10
342,MARTINO,HAROLD,6,3,15
84,PERRY,SARA,5,3,13
17,THOMPSON,DONNA,6,3,21
520,WESTMORELAND,MITCHELL,6,3,13
162,HUDSON,LAUREN,5,3,12
526,SEAL,KARL,5,3,13
8,WILSON,SUSAN,6,3,14
11,ANDERSON,LISA,6,3,16
93,FOSTER,PHYLLIS,5,3,15
80,ROSS,MARILYN,6,3,16
160,DUNN,ERIN,6,3,11
209,CHAPMAN,TONYA,5,3,14
503,BARCLAY,ANGEL,6,3,9
21,CLARK,MICHELLE,5,3,9
257,DOUGLAS,MARSHA,5,3,9
325,BUNN,TIMOTHY,6,3,13
58,BELL,JEAN,5,3,10
449,AQUINO,OSCAR,6,3,9
284,GREGORY,SONIA,5,3,9
334,MCWHORTER,RAYMOND,6,3,11
418,EAST,JEFF,6,3,9
582,VANHORN,ANDY,6,3,12
88,HUGHES,BONNIE,6,3,14
114,ELLIS,GRACE,5,3,13
311,TROUT,PAUL,6,3,13
438,LOVELACE,BARRY,5,3,13
206,VASQUEZ,TERRI,6,3,12
453,MARTEL,CALVIN,6,3,19
498,SANBORN,GENE,5,3,15
115,HARRISON,WENDY,6,3,11
432,BURK,EDWIN,6,3,14
557,GAFFNEY,FELIX,6,3,12
201,FIELDS,VICKI,5,3,17
236,DEAN,MARCIA,5,3,9
154,GRANT,MICHELE,6,3,9
172,WILLIS,BERNICE,6,3,4
354,NGO,JUSTIN,5,3,4
570,CROMWELL,IVAN,8,3,13
351,FOUST,JACK,6,3,10
316,CURLEY,STEVEN,5,3,16
115,HARRISON,WENDY,5,3,5
449,AQUINO,OSCAR,5,3,19
486,TALBERT,GLEN,5,3,13
353,SCARBOROUGH,JONATHAN,6,3,18
83,JENKINS,LOUISE,5,3,5
452,MILNER,TOM,5,3,8
374,HURTADO,JEREMY,5,3,5
507,RHOADS,EDGAR,6,3,15
513,TUBBS,DUANE,6,3,13
15,HARRIS,HELEN,6,3,10
282,CASTRO,JENNY,5,3,10
399,ISOM,DANNY,5,3,18
385,HOLM,PHILLIP,6,3,5
480,HAUSER,COREY,5,3,18
512,VINES,CECIL,6,3,15
417,ESTEP,TRAVIS,5,3,19
238,GARRETT,NELLIE,6,3,11
150,DANIELS,DANIELLE,5,3,11
222,HANSEN,DELORES,8,3,9
439,FENNELL,ALEXANDER,5,3,14
446,CULP,THEODORE,5,3,7
119,MARSHALL,SHERRY,5,3,14
539,BOLIN,MATHEW,6,3,10
591,ARSENAULT,KENT,6,3,9
304,ROYAL,DAVID,5,3,15
584,TEEL,SALVADOR,5,3,15
253,CARLSON,TERRY,5,3,11
300,FARNSWORTH,JOHN,5,3,10
32,LOPEZ,AMY,5,3,15
240,WELCH,MARLENE,5,3,11
529,GUILLEN,ERIK,6,3,4
46,CAMPBELL,CATHERINE,5,3,11
245,DAY,COURTNEY,6,3,9
500,KINDER,REGINALD,5,3,19
428,KRUGER,HERBERT,8,3,9
269,WALTERS,CASSANDRA,6,3,14
556,GRUBER,ARMANDO,5,3,11
37,BAKER,PAMELA,6,3,11
92,SIMMONS,TINA,6,3,15
303,SATTERFIELD,WILLIAM,5,3,9
337,JORDON,JERRY,5,3,21
23,LEWIS,SARAH,5,3,13
280,BARRETT,TRACEY,6,3,10
319,WEINER,RONALD,5,3,17
75,SANDERS,TAMMY,2,3,9
97,RUSSELL,ANNIE,8,3,9
470,ALLARD,GORDON,6,3,10
577,MALCOLM,CLIFTON,6,3,14
127,STEVENS,ELAINE,6,3,12
267,WADE,MARGIE,5,3,17
408,MURRELL,MANUEL,5,3,13
578,LUMPKIN,WILLARD,6,3,15
72,WATSON,THERESA,5,3,11
326,ANDREW,JOSE,5,3,16
18,GARCIA,CAROL,5,3,13
55,REED,DORIS,5,3,16
259,JENSEN,LENA,5,3,16
58,BELL,JEAN,6,3,7
265,TERRY,JENNIE,6,3,16
389,KAHN,ALAN,6,3,14
172,WILLIS,BERNICE,5,3,12
179,HART,DANA,5,3,13
530,ASHCRAFT,DARRYL,6,3,6
579,LARUE,DARYL,6,3,13
244,HANSON,VIOLA,6,3,17
47,PARKER,FRANCES,5,3,16
217,BISHOP,AGNES,6,3,15
356,FULTZ,GERALD,6,3,9
17,THOMPSON,DONNA,5,3,11
89,FLORES,JULIA,5,3,10
167,PIERCE,SALLY,5,3,11
519,DELUCA,RON,6,3,18
71,JAMES,KATHY,6,3,14
247,MORENO,STELLA,5,3,16
287,MILES,BECKY,5,3,7
291,HOLT,TONI,6,3,9
473,OLIVARES,JORGE,5,3,12
536,CHURCHILL,FERNANDO,6,3,11
547,EMMONS,KURT,5,3,12
548,CORNISH,ALLAN,6,3,6
301,BAUGHMAN,ROBERT,6,3,9
553,PITT,MAX,6,3,20
131,HICKS,MONICA,5,3,16
291,HOLT,TONI,5,3,13
465,GANDY,FLOYD,7,3,8
252,HOFFMAN,MATTIE,6,3,12
548,CORNISH,ALLAN,5,3,16
164,GARDNER,JOANN,6,3,17
141,REYES,DEBBIE,6,3,21
396,SHANKS,EARL,6,3,14
533,MILAM,JESSIE,5,3,9
482,CRAWLEY,MAURICE,5,3,13
321,SCHULER,KEVIN,5,3,16
60,BAILEY,MILDRED,5,3,10
293,FLETCHER,MAE,5,3,15
451,REA,JIM,5,3,7
258,FLEMING,MYRTLE,6,3,13
51,STEWART,ALICE,5,3,15
502,CORNWELL,BRETT,6,3,10
102,FORD,CRYSTAL,5,3,8
421,HAWKS,LEE,6,3,13
19,MARTINEZ,RUTH,6,3,9
214,JOHNSTON,KRISTIN,6,3,11
218,MCCOY,VERA,6,3,5
34,SCOTT,REBECCA,6,3,12
78,WOOD,LORI,6,3,18
331,ROBERT,ERIC,6,3,13
504,ADAM,NATHANIEL,5,3,16
317,BAUGH,EDWARD,6,3,11
402,YANEZ,LUIS,6,3,13
524,ELY,JARED,6,3,10
20,ROBINSON,SHARON,5,3,12
185,HARPER,ROBERTA,6,3,15
242,FRAZIER,GLENDA,5,3,12
346,SIMPKINS,ARTHUR,6,3,12
59,MURPHY,CHERYL,6,3,11
154,GRANT,MICHELE,5,3,20
199,FRANKLIN,BETH,6,3,9
416,PINSON,JEFFERY,5,3,8
375,SELBY,AARON,6,3,14
323,MAHAN,MATTHEW,6,3,9
54,ROGERS,TERESA,5,3,14
240,WELCH,MARLENE,6,3,15
344,BILLINGSLEY,HENRY,6,3,10
562,SLONE,WALLACE,5,3,12
359,MARKHAM,WILLIE,5,3,16
313,MAHON,DONALD,6,3,16
575,OGLESBY,ISAAC,6,3,11
5,BROWN,ELIZABETH,5,3,10
135,MASON,JUANITA,6,3,6
234,FULLER,CLAUDIA,7,3,15
437,NEUMANN,RANDALL,6,3,12
59,MURPHY,CHERYL,5,3,14
401,CARRANZA,TONY,5,3,12
589,HERRMANN,TRACY,5,3,11
436,QUIGLEY,TROY,5,3,18
184,RUIZ,VIVIAN,5,3,10
424,SPURLOCK,KYLE,6,3,13
142,BURNS,APRIL,5,3,20
231,JACOBS,GEORGIA,5,3,22
462,SHERROD,WARREN,6,3,21
381,BOUDREAU,BOBBY,5,3,7
594,HIATT,EDUARDO,8,3,19
597,DUGGAN,FREDDIE,6,3,8
79,BARNES,RACHEL,5,3,11
284,GREGORY,SONIA,6,3,9
81,HENDERSON,ANDREA,6,3,13
581,WOFFORD,VIRGIL,6,3,12
285,MCKINNEY,MIRIAM,6,3,18
379,COUGHLIN,CARLOS,6,3,18
572,BURLESON,SIDNEY,6,3,13
272,CALDWELL,KAY,6,3,17
47,PARKER,FRANCES,6,3,18
224,GARZA,PEARL,6,3,16
296,HALE,RAMONA,6,3,7
414,RALSTON,VINCENT,6,3,21
48,EVANS,ANN,5,3,9
420,LANCE,JACOB,6,3,6
185,HARPER,ROBERTA,5,3,5
243,BURKE,LYDIA,6,3,13
442,BUSTAMANTE,LEROY,5,3,14
432,BURK,EDWIN,5,3,23
251,BREWER,VICKIE,6,3,18
565,NETTLES,JAIME,6,3,17
97,RUSSELL,ANNIE,6,3,9
22,RODRIGUEZ,LAURA,5,3,19
167,PIERCE,SALLY,6,3,16
372,MACKENZIE,STEVE,6,3,12
138,WARREN,HAZEL,6,3,10
437,NEUMANN,RANDALL,5,3,14
483,CHAPA,VERNON,6,3,15
126,SIMPSON,ELLEN,5,3,15
301,BAUGHMAN,ROBERT,5,3,12
357,RICO,KEITH,5,3,9
411,CURRIER,NORMAN,6,3,5
9,MOORE,MARGARET,5,3,11
323,MAHAN,MATTHEW,5,3,14
348,QUINTANILLA,ROGER,6,3,13
398,MEEK,ANTONIO,6,3,20
90,WASHINGTON,RUBY,6,3,9
400,HARDISON,BRYAN,6,3,12
429,ISBELL,FREDERICK,8,3,13
64,COX,JUDITH,5,3,9
118,CRUZ,KIM,6,3,11
510,EASTER,BEN,5,3,20
6,DAVIS,JENNIFER,5,3,9
105,SULLIVAN,DAWN,6,3,12
408,MURRELL,MANUEL,6,3,11
276,GRAVES,BRANDY,6,3,13
484,VU,ROBERTO,5,3,11
498,SANBORN,GENE,8,3,11
69,GRAY,JUDY,6,2,8
230,GEORGE,JOY,5,2,6
248,BOWMAN,CAROLINE,5,2,13
414,RALSTON,VINCENT,5,2,9
566,MENA,CASEY,5,2,11
399,ISOM,DANNY,6,2,9
279,SHELTON,DIANNE,5,2,4
103,HAMILTON,GLADYS,5,2,18
138,WARREN,HAZEL,5,2,4
9,MOORE,MARGARET,6,2,13
455,WILES,JON,5,2,2
457,GAVIN,BILL,2,2,4
108,COLE,TRACY,5,2,6
131,HICKS,MONICA,6,2,15
104,GRAHAM,RITA,5,2,15
532,RENNER,NEIL,6,2,9
107,WOODS,FLORENCE,5,2,12
306,KOWALSKI,CHARLES,5,2,11
254,SILVA,MAXINE,5,2,9
350,FRALEY,JUAN,5,2,10
544,NOLEN,CODY,5,2,6
270,CURTIS,LEAH,5,2,7
62,COOPER,JOAN,5,2,6
36,ADAMS,KATHLEEN,5,2,2
75,SANDERS,TAMMY,5,2,6
554,OLVERA,DWAYNE,5,2,6
169,MATTHEWS,ERICA,5,2,9
315,GOODEN,KENNETH,5,2,14
563,PREWITT,KEN,5,2,11
26,HALL,JESSICA,5,2,6
51,STEWART,ALICE,6,2,3
415,PULLEN,GLENN,6,2,8
226,LITTLE,MAUREEN,6,2,8
501,GEARY,RUBEN,5,2,3
73,BROOKS,BEVERLY,6,2,6
312,RINEHART,MARK,6,2,5
576,MCCARTER,MORRIS,2,2,6
490,MCDUFFIE,SAM,5,2,12
587,STANFIELD,SERGIO,5,2,6
564,PFEIFFER,BOB,5,2,9
252,HOFFMAN,MATTIE,5,2,6
560,ARCHULETA,JORDAN,6,2,7
531,WAUGH,JAMIE,5,2,8
65,HOWARD,ROSE,5,2,6
175,OLSON,ANNETTE,6,2,6
521,SOUTH,ROLAND,6,2,2
168,BERRY,REGINA,5,2,6
263,HOPKINS,HILDA,5,2,6
413,YEE,MARVIN,6,2,11
495,BESS,CHARLIE,5,2,10
542,TIRADO,LONNIE,5,2,10
474,GILLETTE,DUSTIN,6,2,17
523,GUAJARDO,HARVEY,5,2,6
220,ALVAREZ,CHARLENE,5,2,5
232,REID,CONSTANCE,6,2,10
281,OBRIEN,LEONA,6,2,12
48,EVANS,ANN,6,2,11
173,RAY,AUDREY,5,2,8
588,OCAMPO,MARION,5,2,8
576,MCCARTER,MORRIS,5,2,4
155,KNIGHT,GAIL,2,2,8
557,GAFFNEY,FELIX,5,2,10
518,HARDER,GABRIEL,6,2,7
184,RUIZ,VIVIAN,6,2,4
130,HUNTER,CHARLOTTE,5,2,6
65,HOWARD,ROSE,6,2,13
373,LEONE,LOUIS,6,2,10
248,BOWMAN,CAROLINE,6,2,5
297,RHODES,SHERRI,5,2,5
159,HAWKINS,JILL,6,2,2
107,WOODS,FLORENCE,2,2,2
345,ARTIS,CARL,5,2,2
534,JUNG,CHRISTIAN,5,2,7
133,HENRY,PAULINE,5,2,10
135,MASON,JUANITA,5,2,10
232,REID,CONSTANCE,5,2,9
322,MORRISSEY,JASON,5,2,6
464,KENYON,JEROME,5,2,6
99,DIAZ,EMILY,6,2,8
403,WAY,MIKE,5,2,4
57,MORGAN,EVELYN,5,2,15
41,MITCHELL,STEPHANIE,6,2,13
388,MORRELL,CRAIG,5,2,10
407,RATCLIFF,DALE,6,2,4
541,WINDHAM,DARREN,5,2,13
106,WALLACE,CONNIE,5,2,5
113,FISHER,CINDY,5,2,2
241,LARSON,HEIDI,5,2,12
143,GORDON,LESLIE,5,2,6
263,HOPKINS,HILDA,6,2,11
394,BROTHERS,CHRIS,5,2,7
156,FERGUSON,BERTHA,5,2,12
157,ROSE,DARLENE,5,2,6
216,MEYER,NATALIE,2,2,6
366,HUEY,BRANDON,6,2,3
43,ROBERTS,CHRISTINE,5,2,10
361,LAWTON,LAWRENCE,2,2,4
516,NOE,ELMER,5,2,6
76,PRICE,IRENE,5,2,3
121,GOMEZ,JOSEPHINE,6,2,5
191,GREENE,JEANETTE,5,2,8
79,BARNES,RACHEL,6,2,8
211,MONTGOMERY,STACEY,6,2,16
390,HEATON,SHAWN,5,2,10
435,SHELBY,RICKY,6,2,2
448,BETANCOURT,MIGUEL,2,2,4
71,JAMES,KATHY,5,2,13
94,GONZALES,NORMA,5,2,8
169,MATTHEWS,ERICA,6,2,8
122,MURRAY,THELMA,5,2,6
542,TIRADO,LONNIE,6,2,16
485,TOBIAS,CLYDE,6,2,12
524,ELY,JARED,5,2,6
382,BARKLEY,VICTOR,5,2,6
1,SMITH,MARY,5,2,4
462,SHERROD,WARREN,5,2,7
314,LINTON,GEORGE,6,2,7
372,MACKENZIE,STEVE,5,2,6
411,CURRIER,NORMAN,5,2,7
376,GAITHER,RANDY,6,2,2
73,BROOKS,BEVERLY,5,2,8
150,DANIELS,DANIELLE,6,2,8
37,BAKER,PAMELA,5,2,4
238,GARRETT,NELLIE,5,2,8
306,KOWALSKI,CHARLES,6,2,8
92,SIMMONS,TINA,5,2,11
284,GREGORY,SONIA,2,2,6
244,HANSON,VIOLA,5,2,7
228,STANLEY,ALLISON,2,2,4
516,NOE,ELMER,2,2,6
448,BETANCOURT,MIGUEL,5,2,8
152,MILLS,ALICIA,5,2,10
186,FOX,HOLLY,5,2,3
127,STEVENS,ELAINE,5,2,2
546,KNOTT,KELLY,5,2,13
208,WHEELER,LUCY,2,2,6
223,FERNANDEZ,MELINDA,6,2,11
447,BOWENS,CLIFFORD,5,2,4
237,GILBERT,TANYA,5,2,6
348,QUINTANILLA,ROGER,5,2,2
53,MORRIS,HEATHER,2,2,8
433,BONE,DON,5,2,20
145,HOLMES,LUCILLE,6,2,6
182,LANE,RENEE,5,2,5
190,WEAVER,YOLANDA,5,2,8
569,GARDINER,DAVE,6,2,13
151,PALMER,MEGAN,5,2,11
193,ELLIOTT,KATIE,5,2,4
227,BURTON,COLLEEN,5,2,9
82,COLEMAN,KATHRYN,5,2,12
158,STONE,VERONICA,5,2,11
163,SPENCER,CATHY,2,2,8
33,HILL,ANNA,6,2,20
25,WALKER,DEBORAH,5,2,11
421,HAWKS,LEE,5,2,2
489,MEADOR,RICARDO,5,2,8
69,GRAY,JUDY,5,2,7
191,GREENE,JEANETTE,8,2,8
539,BOLIN,MATHEW,5,2,6
60,BAILEY,MILDRED,6,2,10
106,WALLACE,CONNIE,6,2,10
110,JORDAN,TIFFANY,5,2,10
87,PATTERSON,WANDA,5,2,8
584,TEEL,SALVADOR,6,2,11
43,ROBERTS,CHRISTINE,2,2,4
194,CHAVEZ,KRISTEN,5,2,13
235,LYNCH,JACKIE,5,2,4
67,TORRES,KELLY,5,2,13
314,LINTON,GEORGE,5,2,11
365,SCHWARZ,BRUCE,5,2,11
507,RHOADS,EDGAR,5,2,6
551,BARBEE,CLAYTON,6,2,9
225,HARVEY,ARLENE,5,2,9
496,WREN,TYLER,5,2,6
413,YEE,MARVIN,5,2,10
165,STEPHENS,LORRAINE,6,2,7
581,WOFFORD,VIRGIL,5,2,10
112,REYNOLDS,ROSA,5,2,4
222,HANSEN,DELORES,6,2,16
274,JENNINGS,NAOMI,6,2,11
509,FORTIER,RAUL,6,2,8
219,HOWELL,WILLIE,6,2,5
334,MCWHORTER,RAYMOND,5,2,16
35,GREEN,VIRGINIA,5,2,11
85,POWELL,ANNE,5,2,15
60,BAILEY,MILDRED,2,2,10
354,NGO,JUSTIN,2,2,8
508,HOWLAND,MILTON,5,2,6
294,WATTS,SHELLY,6,2,6
538,BREAUX,TED,5,2,8
117,MCDONALD,EDITH,6,2,6
257,DOUGLAS,MARSHA,6,2,6
379,COUGHLIN,CARLOS,5,2,10
445,FORMAN,MICHEAL,5,2,6
571,CHISHOLM,JOHNNIE,5,2,14
563,PREWITT,KEN,6,2,6
28,YOUNG,CYNTHIA,5,2,6
281,OBRIEN,LEONA,5,2,6
435,SHELBY,RICKY,5,2,13
528,HERZOG,CLAUDE,6,2,8
117,MCDONALD,EDITH,5,2,2
146,RICE,JAMIE,5,2,13
269,WALTERS,CASSANDRA,2,2,4
142,BURNS,APRIL,6,2,5
164,GARDNER,JOANN,8,2,9
595,GUNDERSON,TERRENCE,6,2,8
409,MOELLER,RODNEY,6,2,15
174,WATKINS,YVONNE,5,2,11
331,ROBERT,ERIC,5,2,4
321,SCHULER,KEVIN,6,2,7
565,NETTLES,JAIME,5,2,8
464,KENYON,JEROME,6,2,8
15,HARRIS,HELEN,2,2,4
479,HITE,ZACHARY,5,2,12
536,CHURCHILL,FERNANDO,5,2,8
444,HIDALGO,MARCUS,5,2,10
93,FOSTER,PHYLLIS,6,2,6
343,GRAF,DOUGLAS,5,2,8
179,HART,DANA,6,2,13
504,ADAM,NATHANIEL,6,2,9
441,CHEATHAM,MARIO,6,2,10
586,STCLAIR,KIRK,6,2,4
276,GRAVES,BRANDY,5,2,15
309,GRECO,CHRISTOPHER,5,2,8
302,SILVERMAN,MICHAEL,5,2,11
355,GRISSOM,TERRY,6,2,4
515,RAPP,ANDRE,5,2,16
482,CRAWLEY,MAURICE,6,2,4
393,CAUSEY,PHILIP,5,2,6
217,BISHOP,AGNES,5,2,12
24,LEE,KIMBERLY,5,2,10
332,QUALLS,STEPHEN,5,2,11
344,BILLINGSLEY,HENRY,5,2,9
281,OBRIEN,LEONA,8,2,5
367,GOOCH,ADAM,5,2,4
210,OLIVER,ELLA,6,2,4
461,BLAKELY,DEREK,6,2,11
469,BULL,WESLEY,6,2,11
144,SHAW,CLARA,5,2,6
147,ROBERTSON,JOANNE,5,2,2
215,BANKS,JESSIE,5,2,10
397,SCHRADER,JIMMY,6,2,8
120,ORTIZ,SYLVIA,5,2,9
501,GEARY,RUBEN,6,2,14
161,PERKINS,GERALDINE,6,2,7
597,DUGGAN,FREDDIE,5,2,12
64,COX,JUDITH,6,2,4
475,CHESTNUT,PEDRO,5,2,6
509,FORTIER,RAUL,5,2,14
300,FARNSWORTH,JOHN,6,2,4
102,FORD,CRYSTAL,6,2,12
405,SCHOFIELD,LEONARD,5,2,8
430,HOULE,RAY,5,2,8
535,ELROD,JAVIER,6,2,10
560,ARCHULETA,JORDAN,2,2,6
286,LUCAS,VELMA,6,2,14
228,STANLEY,ALLISON,5,2,6
545,NOLAND,JULIO,5,2,5
505,ABNEY,RAFAEL,5,2,6
330,SHELLEY,SCOTT,5,2,12
324,COY,GARY,6,2,4
480,HAUSER,COREY,6,2,2
299,GANNON,JAMES,5,2,15
476,BOURQUE,DERRICK,5,2,8
458,DOWD,LLOYD,6,2,7
361,LAWTON,LAWRENCE,5,2,11
561,STILL,IAN,5,2,10
180,CUNNINGHAM,STACY,6,2,6
541,WINDHAM,DARREN,6,2,10
586,STCLAIR,KIRK,5,2,14
170,ARNOLD,BEATRICE,6,2,10
175,OLSON,ANNETTE,2,2,4
543,PEMBERTON,LANCE,5,2,9
346,SIMPKINS,ARTHUR,5,2,10
593,MCALISTER,RENE,5,2,12
3,WILLIAMS,LINDA,5,2,5
337,JORDON,JERRY,6,2,11
383,BALES,MARTIN,5,2,10
567,MCADAMS,ALFREDO,6,2,8
128,TUCKER,MARJORIE,5,2,9
42,PEREZ,CAROLYN,2,2,6
273,LOWE,PRISCILLA,5,2,5
385,HOLM,PHILLIP,5,2,8
491,MATTOX,RICK,5,2,4
360,MADRIGAL,RALPH,5,2,6
266,HERRERA,NORA,5,2,5
235,LYNCH,JACKIE,6,2,6
511,BENNER,CHESTER,5,2,7
552,WALDROP,HUGH,6,2,6
267,WADE,MARGIE,2,2,8
596,FORSYTHE,ENRIQUE,6,2,4
12,THOMAS,NANCY,5,2,10
128,TUCKER,MARJORIE,6,2,9
488,MILLARD,SHANE,6,2,10
262,DAVIDSON,PATSY,5,1,5
424,SPURLOCK,KYLE,2,1,1
164,GARDNER,JOANN,5,1,2
101,MYERS,PEGGY,5,1,10
338,GILMAN,DENNIS,5,1,1
33,HILL,ANNA,2,1,1
229,NGUYEN,TAMARA,2,1,1
548,CORNISH,ALLAN,2,1,1
290,CHAMBERS,KRISTINA,5,1,3
288,CRAIG,BOBBIE,6,1,6
440,COLBY,BERNARD,5,1,5
404,SCROGGINS,STANLEY,5,1,6
211,MONTGOMERY,STACEY,5,1,5
388,MORRELL,CRAIG,2,1,1
483,CHAPA,VERNON,5,1,7
537,BUFORD,CLINTON,5,1,5
479,HITE,ZACHARY,2,1,1
590,HANNON,SETH,2,1,3
100,HAYES,ROBIN,5,1,1
560,ARCHULETA,JORDAN,5,1,3
81,HENDERSON,ANDREA,5,1,1
294,WATTS,SHELLY,5,1,2
420,LANCE,JACOB,5,1,5
426,MOTLEY,BRADLEY,5,1,1
52,SANCHEZ,JULIE,2,1,5
199,FRANKLIN,BETH,5,1,8
470,ALLARD,GORDON,5,1,3
574,VEST,JULIAN,5,1,1
99,DIAZ,EMILY,5,1,1
494,CHOATE,RAMON,6,1,3
527,MEEHAN,CORY,2,1,3
315,GOODEN,KENNETH,2,1,3
525,CLARY,ADRIAN,2,1,3
87,PATTERSON,WANDA,2,1,5
223,FERNANDEZ,MELINDA,5,1,3
550,BROWNLEE,GUY,2,1,3
219,HOWELL,WILLIE,5,1,1
298,PENA,ERIKA,5,1,4
168,BERRY,REGINA,6,1,5
279,SHELTON,DIANNE,2,1,5
260,VARGAS,CHRISTY,5,1,9
512,VINES,CECIL,2,1,1
271,NEAL,PENNY,6,1,3
216,MEYER,NATALIE,5,1,5
514,TROUTMAN,FRANKLIN,5,1,5
525,CLARY,ADRIAN,6,1,3
58,BELL,JEAN,2,1,1
456,RICKETTS,RONNIE,5,1,5
295,BATES,DAISY,2,1,1
56,COOK,GLORIA,2,1,5
363,WHITING,ROY,5,1,4
70,RAMIREZ,CHRISTINA,6,1,5
598,DELVALLE,WADE,6,1,3
277,JIMENEZ,OLGA,5,1,7
245,DAY,COURTNEY,2,1,3
362,BARFIELD,NICHOLAS,5,1,5
2,JOHNSON,PATRICIA,5,1,5
123,FREEMAN,SHANNON,5,1,3
505,ABNEY,RAFAEL,2,1,5
521,SOUTH,ROLAND,2,1,5
66,WARD,JANICE,5,1,5
72,WATSON,THERESA,6,1,5
181,BRADLEY,ANA,2,1,3
352,CROUSE,ALBERT,2,1,3
570,CROMWELL,IVAN,2,1,1
11,ANDERSON,LISA,5,1,7
499,OUTLAW,MARC,5,1,3
443,SKIDMORE,FRANCISCO,5,1,5
73,BROOKS,BEVERLY,2,1,3
2,JOHNSON,PATRICIA,6,1,3
211,MONTGOMERY,STACEY,2,1,5
355,GRISSOM,TERRY,2,1,1
101,MYERS,PEGGY,2,1,1
210,OLIVER,ELLA,5,1,3
409,MOELLER,RODNEY,5,1,7
398,MEEK,ANTONIO,5,1,5
402,YANEZ,LUIS,5,1,2
157,ROSE,DARLENE,6,1,1
220,ALVAREZ,CHARLENE,6,1,1
419,CARBONE,CHAD,6,1,3
463,POWER,DARRELL,5,1,2
471,SAUER,DEAN,5,1,3
525,CLARY,ADRIAN,5,1,6
95,BRYANT,PAULA,5,1,5
531,WAUGH,JAMIE,6,1,3
29,HERNANDEZ,ANGELA,2,1,1
275,BARNETT,CAROLE,5,1,3
213,WILLIAMSON,GINA,2,1,3
405,SCHOFIELD,LEONARD,2,1,1
590,HANNON,SETH,5,1,4
493,HARKINS,BRENT,2,1,3
580,GREY,ROSS,6,1,1
337,JORDON,JERRY,2,1,1
369,WHEAT,FRED,6,1,1
517,MCCURDY,BRAD,5,1,5
166,PAYNE,LYNN,5,1,2
417,ESTEP,TRAVIS,6,1,4
440,COLBY,BERNARD,2,1,5
508,HOWLAND,MILTON,6,1,5
28,YOUNG,CYNTHIA,2,1,3
317,BAUGH,EDWARD,5,1,7
466,EBERT,LEO,5,1,3
550,BROWNLEE,GUY,5,1,8
63,RICHARDSON,ASHLEY,6,1,1
424,SPURLOCK,KYLE,5,1,1
597,DUGGAN,FREDDIE,2,1,5
599,CINTRON,AUSTIN,5,1,5
125,WEBB,ETHEL,5,1,4
141,REYES,DEBBIE,5,1,3
422,ELLINGTON,MELVIN,5,1,1
438,LOVELACE,BARRY,2,1,1
460,BOSTIC,LEON,6,1,1
549,CHRISTENSON,NELSON,6,1,3
243,BURKE,LYDIA,5,1,5
494,CHOATE,RAMON,5,1,5
325,BUNN,TIMOTHY,5,1,6
369,WHEAT,FRED,2,1,1
452,MILNER,TOM,2,1,5
327,THRASHER,LARRY,5,1,7
333,PURDY,ANDREW,5,1,5
27,ALLEN,SHIRLEY,5,1,3
221,MORRISON,BESSIE,5,1,5
587,STANFIELD,SERGIO,2,1,1
137,KENNEDY,RHONDA,5,1,3
457,GAVIN,BILL,5,1,8
252,HOFFMAN,MATTIE,2,1,5
370,TRUONG,WAYNE,6,1,7
155,KNIGHT,GAIL,5,1,3
180,CUNNINGHAM,STACY,5,1,3
42,PEREZ,CAROLYN,5,1,6
23,LEWIS,SARAH,2,1,3
434,TOMLIN,EDDIE,5,1,6
120,ORTIZ,SYLVIA,2,1,5
417,ESTEP,TRAVIS,2,1,3
181,BRADLEY,ANA,5,1,7
352,CROUSE,ALBERT,5,1,3
373,LEONE,LOUIS,5,1,5
349,GILLILAND,JOE,2,1,3
380,BRINSON,RUSSELL,5,1,4
115,HARRISON,WENDY,2,1,3
200,LAWSON,JEANNE,5,1,10
168,BERRY,REGINA,2,1,1
110,JORDAN,TIFFANY,6,1,9
555,LOMBARDI,DWIGHT,6,1,2
149,BLACK,VALERIE,5,1,5
265,TERRY,JENNIE,5,1,1
118,CRUZ,KIM,5,1,6
282,CASTRO,JENNY,2,1,1
519,DELUCA,RON,5,1,4
70,RAMIREZ,CHRISTINA,5,1,5
378,CULPEPPER,EUGENE,5,1,1
421,HAWKS,LEE,2,1,1
459,COLLAZO,TOMMY,5,1,3
22,RODRIGUEZ,LAURA,6,1,3
64,COX,JUDITH,2,1,5
358,MARLOW,SAMUEL,5,1,5
335,MAULDIN,GREGORY,2,1,1
44,TURNER,MARIE,2,1,5
580,GREY,ROSS,5,1,1
476,BOURQUE,DERRICK,2,1,1
43,ROBERTS,CHRISTINE,6,1,5
441,CHEATHAM,MARIO,5,1,5
411,CURRIER,NORMAN,2,1,5
191,GREENE,JEANETTE,2,1,1
264,MAY,GWENDOLYN,2,1,3
441,CHEATHAM,MARIO,2,1,5
88,HUGHES,BONNIE,5,1,3
355,GRISSOM,TERRY,5,1,4
271,NEAL,PENNY,5,1,9
595,GUNDERSON,TERRENCE,5,1,7
40,CARTER,AMANDA,5,1,5
135,MASON,JUANITA,2,1,1
152,MILLS,ALICIA,2,1,5
317,BAUGH,EDWARD,2,1,1
410,IRBY,CURTIS,2,1,3
215,BANKS,JESSIE,2,1,1
250,FOWLER,JO,6,1,5
310,CABRAL,DANIEL,5,1,1
121,GOMEZ,JOSEPHINE,5,1,5
192,LAWRENCE,LAURIE,2,1,5
359,MARKHAM,WILLIE,2,1,5
373,LEONE,LOUIS,2,1,1
472,ROBINS,GREG,2,1,5
561,STILL,IAN,2,1,1
568,HENNING,ALBERTO,2,1,3
22,RODRIGUEZ,LAURA,2,1,5
111,OWENS,CARMEN,2,1,3
286,LUCAS,VELMA,5,1,7
213,WILLIAMSON,GINA,5,1,1
192,LAWRENCE,LAURIE,6,1,4
532,RENNER,NEIL,5,1,3
192,LAWRENCE,LAURIE,5,1,2
124,WELLS,SHEILA,6,1,2
145,HOLMES,LUCILLE,5,1,1
136,MORALES,ANITA,5,1,3
198,KELLEY,ELSIE,6,1,1
394,BROTHERS,CHRIS,6,1,5
98,GRIFFIN,LILLIAN,5,1,4
11,ANDERSON,LISA,2,1,1
497,SLEDGE,GILBERT,2,1,5
547,EMMONS,KURT,6,1,9
295,BATES,DAISY,5,1,4
318,WYMAN,BRIAN,8,1,3
474,GILLETTE,DUSTIN,2,1,1
111,OWENS,CARMEN,5,1,3
529,GUILLEN,ERIK,5,1,3
533,MILAM,JESSIE,2,1,3
296,HALE,RAMONA,2,1,3
577,MALCOLM,CLIFTON,5,1,6
364,VARNEY,BENJAMIN,5,1,6
274,JENNINGS,NAOMI,2,1,1
397,SCHRADER,JIMMY,5,1,1
41,MITCHELL,STEPHANIE,2,1,3
324,COY,GARY,2,1,3
596,FORSYTHE,ENRIQUE,2,1,1
454,GRESHAM,ALEX,5,1,8
474,GILLETTE,DUSTIN,5,1,8
537,BUFORD,CLINTON,2,1,5
208,WHEELER,LUCY,5,1,5
302,SILVERMAN,MICHAEL,6,1,3
374,HURTADO,JEREMY,2,1,3
487,POINDEXTER,HECTOR,6,1,4
8,WILSON,SUSAN,5,1,7
450,ROBB,JAY,5,1,4
585,SWAFFORD,PERRY,2,1,5
219,HOWELL,WILLIE,2,1,5
231,JACOBS,GEORGIA,6,1,1
353,SCARBOROUGH,JONATHAN,5,1,7
579,LARUE,DARYL,2,1,1
114,ELLIS,GRACE,2,1,5
450,ROBB,JAY,2,1,1
431,FRANCISCO,JOEL,5,1,3
142,BURNS,APRIL,2,1,1
171,WAGNER,DOLORES,5,1,10
318,WYMAN,BRIAN,5,1,10
339,PERRYMAN,WALTER,5,1,6
406,RUNYON,NATHAN,5,1,1
152,MILLS,ALICIA,6,1,5
236,DEAN,MARCIA,2,1,1
508,HOWLAND,MILTON,2,1,1
263,HOPKINS,HILDA,2,1,1
564,PFEIFFER,BOB,6,1,3
148,HUNT,ELEANOR,5,1,5
419,CARBONE,CHAD,5,1,3
530,ASHCRAFT,DARRYL,2,1,3
247,MORENO,STELLA,6,1,6
366,HUEY,BRANDON,2,1,5
33,HILL,ANNA,5,1,3
69,GRAY,JUDY,2,1,1
356,FULTZ,GERALD,5,1,5
443,SKIDMORE,FRANCISCO,6,1,3
324,COY,GARY,5,1,4
534,JUNG,CHRISTIAN,2,1,3
86,LONG,JACQUELINE,5,1,2
80,ROSS,MARILYN,2,1,3
126,SIMPSON,ELLEN,6,1,3
492,KRAUS,LESTER,5,1,3
183,ANDREWS,IDA,5,1,1
52,SANCHEZ,JULIE,5,1,1
305,MCCRARY,RICHARD,5,1,3
396,SHANKS,EARL,5,1,6
334,MCWHORTER,RAYMOND,2,1,1
412,BUTTERFIELD,ALLEN,2,1,1
376,GAITHER,RANDY,5,1,1
315,GOODEN,KENNETH,6,1,3
412,BUTTERFIELD,ALLEN,6,1,3
520,WESTMORELAND,MITCHELL,5,1,7
522,HAVENS,ARNOLD,5,1,6
366,HUEY,BRANDON,5,1,7
467,DELOACH,ALVIN,5,1,5
292,LAMBERT,MISTY,5,1,1
10,TAYLOR,DOROTHY,5,1,5
513,TUBBS,DUANE,5,1,5
136,MORALES,ANITA,6,1,3
200,LAWSON,JEANNE,2,1,3
14,WHITE,BETTY,2,1,5
187,RILEY,BRITTANY,5,1,8
582,VANHORN,ANDY,5,1,1
495,BESS,CHARLIE,2,1,1
45,PHILLIPS,JANET,5,1,3
207,CASTILLO,GERTRUDE,6,1,4
496,WREN,TYLER,2,1,3
14,WHITE,BETTY,6,1,5
335,MAULDIN,GREGORY,6,1,5
36,ADAMS,KATHLEEN,6,1,1
234,FULLER,CLAUDIA,5,1,5
496,WREN,TYLER,6,1,3
330,SHELLEY,SCOTT,2,1,3
427,MCCARTNEY,JESUS,5,1,7
428,KRUGER,HERBERT,5,1,5
327,THRASHER,LARRY,2,1,3
422,ELLINGTON,MELVIN,2,1,3
9,MOORE,MARGARET,2,1,5
225,HARVEY,ARLENE,6,1,8
465,GANDY,FLOYD,5,1,1
553,PITT,MAX,5,1,5
592,ROUSH,TERRANCE,2,1,1
108,COLE,TRACY,2,1,5
582,VANHORN,ANDY,2,1,3
61,RIVERA,KATHERINE,5,1,1
336,MARK,JOSHUA,2,1,1
578,LUMPKIN,WILLARD,5,1,1
490,MCDUFFIE,SAM,6,1,4
162,HUDSON,LAUREN,2,1,1
300,FARNSWORTH,JOHN,2,1,5
308,GRIGSBY,THOMAS,5,1,4
425,SIKES,FRANCIS,5,1,6
530,ASHCRAFT,DARRYL,5,1,1
100,HAYES,ROBIN,2,1,1
415,PULLEN,GLENN,5,1,5
99,DIAZ,EMILY,2,1,1
190,WEAVER,YOLANDA,2,1,5
287,MILES,BECKY,2,1,1
21,CLARK,MICHELLE,2,1,3
234,FULLER,CLAUDIA,2,1,1
178,SNYDER,MARION,2,1,5
518,HARDER,GABRIEL,5,1,3
188,ARMSTRONG,MELANIE,2,1,3
532,RENNER,NEIL,2,1,1
74,KELLY,DENISE,5,1,7
386,TAN,TODD,5,1,8
573,BOX,BYRON,5,1,3
349,GILLILAND,JOE,5,1,5
227,BURTON,COLLEEN,2,1,5
83,JENKINS,LOUISE,2,1,5
91,BUTLER,LOIS,2,1,5
425,SIKES,FRANCIS,6,1,7
203,RYAN,TARA,5,1,1
351,FOUST,JACK,5,1,2
180,CUNNINGHAM,STACY,2,1,5
367,GOOCH,ADAM,6,1,1
91,BUTLER,LOIS,5,1,6
189,CARPENTER,LORETTA,5,1,6
199,FRANKLIN,BETH,2,1,3
485,TOBIAS,CLYDE,5,1,3
557,GAFFNEY,FELIX,2,1,5
29,HERNANDEZ,ANGELA,5,1,2
193,ELLIOTT,KATIE,2,1,3
244,HANSON,VIOLA,2,1,5
165,STEPHENS,LORRAINE,5,1,5
436,QUIGLEY,TROY,6,1,10
214,JOHNSTON,KRISTIN,2,1,3
481,DEVORE,HERMAN,5,1,6
493,HARKINS,BRENT,5,1,8
572,BURLESON,SIDNEY,5,1,8
431,FRANCISCO,JOEL,2,1,3
545,NOLAND,JULIO,6,1,3
5,BROWN,ELIZABETH,2,1,1
461,BLAKELY,DEREK,5,1,7
186,FOX,HOLLY,2,1,3
389,KAHN,ALAN,5,1,5
552,WALDROP,HUGH,5,1,1
407,RATCLIFF,DALE,5,1,8
394,BROTHERS,CHRIS,2,1,5
94,GONZALES,NORMA,2,1,5
116,GIBSON,VICTORIA,5,1,5
251,BREWER,VICKIE,2,1,1
280,BARRETT,TRACEY,5,1,5
328,SPEAR,JEFFREY,5,1,3
570,CROMWELL,IVAN,5,1,8
477,PAINE,DAN,5,1,3
278,HORTON,BILLIE,5,1,5
497,SLEDGE,GILBERT,5,1,8
